Account Name,Time,Keyset Name,Quantity,Chain ID
Emily,1900-12-01T00:00:00Z,Emily,100000.0,0
Emily,1900-12-01T00:00:00Z,Emily,100000.0,4
Emily,1900-12-01T00:00:00Z,Emily,100000.0,9
Coinlist Non-US Retail_0,2019-12-01T00:00:00Z,Coinlist Non-US Retail,10000000,0
MM_C0_1,2019-12-01T00:00:00Z,MM_C0,5000000,0
SA <1>_2,2020-01-01T00:00:00Z,SA <1>,16000,0
SA <2>_3,2020-01-01T00:00:00Z,SA <2>,160000,0
SA <3>_4,2020-01-01T00:00:00Z,SA <3>,800,0
SA <4>_5,2020-01-01T00:00:00Z,SA <4>,8000,0
SA <5>_6,2020-01-01T00:00:00Z,SA <5>,16000,0
SA <6>_7,2020-01-01T00:00:00Z,SA <6>,4000,0
SA <7>_8,2020-01-01T00:00:00Z,SA <7>,3200,0
SA <8>_9,2020-01-01T00:00:00Z,SA <8>,4000,0
SA <9>_10,2020-01-01T00:00:00Z,SA <9>,8000,0
SA <10>_11,2020-01-01T00:00:00Z,SA <10>,4000,0
SA <11>_12,2020-01-01T00:00:00Z,SA <11>,4000,0
SA <12>_13,2020-01-01T00:00:00Z,SA <12>,4000,0
SA <13>_14,2020-01-01T00:00:00Z,SA <13>,80000,0
SA <14>_15,2020-01-01T00:00:00Z,SA <14>,8000,0
SA <15>_16,2020-01-01T00:00:00Z,SA <15>,1600,0
SA <16>_17,2020-01-01T00:00:00Z,SA <16>,4000,0
SA <17>_18,2020-01-01T00:00:00Z,SA <17>,4000,0
SA <18>_19,2020-01-01T00:00:00Z,SA <18>,8000,0
SA <19>_20,2020-01-01T00:00:00Z,SA <19>,6400,0
SA <20>_21,2020-01-01T00:00:00Z,SA <20>,16000,0
SB <1>_22,2020-01-01T00:00:00Z,SB <1>,5333.33,0
SB <2>_23,2020-01-01T00:00:00Z,SB <2>,3200,0
SB <3>_24,2020-01-01T00:00:00Z,SB <3>,10666.67,0
SB <4>_25,2020-01-01T00:00:00Z,SB <4>,106666.67,0
SB <5>_26,2020-01-01T00:00:00Z,SB <5>,53333.33,0
SB <6>_27,2020-01-01T00:00:00Z,SB <6>,5333.33,0
SB <7>_28,2020-01-01T00:00:00Z,SB <7>,2890.67,0
SB <8>_29,2020-01-01T00:00:00Z,SB <8>,97902.93,0
SB <9>_30,2020-01-01T00:00:00Z,SB <9>,32030.72,0
SB <10>_31,2020-01-01T00:00:00Z,SB <10>,105450.6,0
SB <11>_32,2020-01-01T00:00:00Z,SB <11>,28844.46,0
SB <12>_33,2020-01-01T00:00:00Z,SB <12>,8267.36,0
SB <13>_34,2020-01-01T00:00:00Z,SB <13>,28288.88,0
SB <14>_35,2020-01-01T00:00:00Z,SB <14>,16000,0
SB <15>_36,2020-01-01T00:00:00Z,SB <15>,10666.67,0
SB <16>_37,2020-01-01T00:00:00Z,SB <16>,26666.67,0
SB <17>_38,2020-01-01T00:00:00Z,SB <17>,21333.33,0
SB <18>_39,2020-01-01T00:00:00Z,SB <18>,26666.67,0
SB <19>_40,2020-01-01T00:00:00Z,SB <19>,53333.33,0
SB <20>_41,2020-01-01T00:00:00Z,SB <20>,30880,0
SB <21>_42,2020-01-01T00:00:00Z,SB <21>,10491.95,0
SB <22>_43,2020-01-01T00:00:00Z,SB <22>,10666.67,0
SB <23>_44,2020-01-01T00:00:00Z,SB <23>,2666.67,0
SB <24>_45,2020-01-01T00:00:00Z,SB <24>,2180.66,0
SB <25>_46,2020-01-01T00:00:00Z,SB <25>,10666.67,0
SB <26>_47,2020-01-01T00:00:00Z,SB <26>,16832,0
SB <27>_48,2020-01-01T00:00:00Z,SB <27>,108666.67,0
SB <28>_49,2020-01-01T00:00:00Z,SB <28>,4800,0
SB <29>_50,2020-01-01T00:00:00Z,SB <29>,53333.33,0
SB <30>_51,2020-01-01T00:00:00Z,SB <30>,1066.67,0
SB <31>_52,2020-01-01T00:00:00Z,SB <31>,16000,0
SB <32>_53,2020-01-01T00:00:00Z,SB <32>,10666.67,0
SB <33>_54,2020-01-01T00:00:00Z,SB <33>,10666.67,0
SB <34>_55,2020-01-01T00:00:00Z,SB <34>,10666.67,0
SB <35>_56,2020-01-01T00:00:00Z,SB <35>,50613.72,0
SB <36>_57,2020-01-01T00:00:00Z,SB <36>,5642.99,0
SB <37>_58,2020-01-01T00:00:00Z,SB <37>,2666.67,0
SB <38>_59,2020-01-01T00:00:00Z,SB <38>,16000,0
SB <39>_60,2020-01-01T00:00:00Z,SB <39>,8533.33,0
SB <40>_61,2020-01-01T00:00:00Z,SB <40>,53760,0
SB <41>_62,2020-01-01T00:00:00Z,SB <41>,48000,0
SB <42>_63,2020-01-01T00:00:00Z,SB <42>,53333.33,0
SB <43>_64,2020-01-01T00:00:00Z,SB <43>,26666.67,0
SB <44>_65,2020-01-01T00:00:00Z,SB <44>,74666.67,0
SB <45>_66,2020-01-01T00:00:00Z,SB <45>,44640,0
SB <46>_67,2020-01-01T00:00:00Z,SB <46>,45595.9,0
MM_C0_68,2020-01-01T00:00:00Z,MM_C0,5000000,0
ST_C1_69,2020-01-01T00:00:00Z,ST_C1,1111472,1
SA <1>_70,2020-02-01T00:00:00Z,SA <1>,16000,0
SA <2>_71,2020-02-01T00:00:00Z,SA <2>,160000,0
SA <3>_72,2020-02-01T00:00:00Z,SA <3>,800,0
SA <4>_73,2020-02-01T00:00:00Z,SA <4>,8000,0
SA <5>_74,2020-02-01T00:00:00Z,SA <5>,16000,0
SA <6>_75,2020-02-01T00:00:00Z,SA <6>,4000,0
SA <7>_76,2020-02-01T00:00:00Z,SA <7>,3200,0
SA <8>_77,2020-02-01T00:00:00Z,SA <8>,4000,0
SA <9>_78,2020-02-01T00:00:00Z,SA <9>,8000,0
SA <10>_79,2020-02-01T00:00:00Z,SA <10>,4000,0
SA <11>_80,2020-02-01T00:00:00Z,SA <11>,4000,0
SA <12>_81,2020-02-01T00:00:00Z,SA <12>,4000,0
SA <13>_82,2020-02-01T00:00:00Z,SA <13>,80000,0
SA <14>_83,2020-02-01T00:00:00Z,SA <14>,8000,0
SA <15>_84,2020-02-01T00:00:00Z,SA <15>,1600,0
SA <16>_85,2020-02-01T00:00:00Z,SA <16>,4000,0
SA <17>_86,2020-02-01T00:00:00Z,SA <17>,4000,0
SA <18>_87,2020-02-01T00:00:00Z,SA <18>,8000,0
SA <19>_88,2020-02-01T00:00:00Z,SA <19>,6400,0
SA <20>_89,2020-02-01T00:00:00Z,SA <20>,16000,0
SB <1>_90,2020-02-01T00:00:00Z,SB <1>,5333.33,0
SB <2>_91,2020-02-01T00:00:00Z,SB <2>,3200,0
SB <3>_92,2020-02-01T00:00:00Z,SB <3>,10666.67,0
SB <4>_93,2020-02-01T00:00:00Z,SB <4>,106666.67,0
SB <5>_94,2020-02-01T00:00:00Z,SB <5>,53333.33,0
SB <6>_95,2020-02-01T00:00:00Z,SB <6>,5333.33,0
SB <7>_96,2020-02-01T00:00:00Z,SB <7>,2890.67,0
SB <8>_97,2020-02-01T00:00:00Z,SB <8>,97902.93,0
SB <9>_98,2020-02-01T00:00:00Z,SB <9>,32030.72,0
SB <10>_99,2020-02-01T00:00:00Z,SB <10>,105450.6,0
SB <11>_100,2020-02-01T00:00:00Z,SB <11>,28844.46,0
SB <12>_101,2020-02-01T00:00:00Z,SB <12>,8267.36,0
SB <13>_102,2020-02-01T00:00:00Z,SB <13>,28288.88,0
SB <14>_103,2020-02-01T00:00:00Z,SB <14>,16000,0
SB <15>_104,2020-02-01T00:00:00Z,SB <15>,10666.67,0
SB <16>_105,2020-02-01T00:00:00Z,SB <16>,26666.67,0
SB <17>_106,2020-02-01T00:00:00Z,SB <17>,21333.33,0
SB <18>_107,2020-02-01T00:00:00Z,SB <18>,26666.67,0
SB <19>_108,2020-02-01T00:00:00Z,SB <19>,53333.33,0
SB <20>_109,2020-02-01T00:00:00Z,SB <20>,30880,0
SB <21>_110,2020-02-01T00:00:00Z,SB <21>,10491.95,0
SB <22>_111,2020-02-01T00:00:00Z,SB <22>,10666.67,0
SB <23>_112,2020-02-01T00:00:00Z,SB <23>,2666.67,0
SB <24>_113,2020-02-01T00:00:00Z,SB <24>,2180.66,0
SB <25>_114,2020-02-01T00:00:00Z,SB <25>,10666.67,0
SB <26>_115,2020-02-01T00:00:00Z,SB <26>,16832,0
SB <27>_116,2020-02-01T00:00:00Z,SB <27>,108666.67,0
SB <28>_117,2020-02-01T00:00:00Z,SB <28>,4800,0
SB <29>_118,2020-02-01T00:00:00Z,SB <29>,53333.33,0
SB <30>_119,2020-02-01T00:00:00Z,SB <30>,1066.67,0
SB <31>_120,2020-02-01T00:00:00Z,SB <31>,16000,0
SB <32>_121,2020-02-01T00:00:00Z,SB <32>,10666.67,0
SB <33>_122,2020-02-01T00:00:00Z,SB <33>,10666.67,0
SB <34>_123,2020-02-01T00:00:00Z,SB <34>,10666.67,0
SB <35>_124,2020-02-01T00:00:00Z,SB <35>,50613.72,0
SB <36>_125,2020-02-01T00:00:00Z,SB <36>,5642.99,0
SB <37>_126,2020-02-01T00:00:00Z,SB <37>,2666.67,0
SB <38>_127,2020-02-01T00:00:00Z,SB <38>,16000,0
SB <39>_128,2020-02-01T00:00:00Z,SB <39>,8533.33,0
SB <40>_129,2020-02-01T00:00:00Z,SB <40>,53760,0
SB <41>_130,2020-02-01T00:00:00Z,SB <41>,48000,0
SB <42>_131,2020-02-01T00:00:00Z,SB <42>,53333.33,0
SB <43>_132,2020-02-01T00:00:00Z,SB <43>,26666.67,0
SB <44>_133,2020-02-01T00:00:00Z,SB <44>,74666.67,0
SB <45>_134,2020-02-01T00:00:00Z,SB <45>,44640,0
SB <46>_135,2020-02-01T00:00:00Z,SB <46>,45595.9,0
FTS_C1_136,2020-02-01T00:00:00Z,FTS_C1,1000000,1
CS_C2_137,2020-02-01T00:00:00Z,CS_C2,666667,2
ST_C1_138,2020-02-01T00:00:00Z,ST_C1,1111472,1
SA <1>_139,2020-03-01T00:00:00Z,SA <1>,16000,0
SA <2>_140,2020-03-01T00:00:00Z,SA <2>,160000,0
SA <3>_141,2020-03-01T00:00:00Z,SA <3>,800,0
SA <4>_142,2020-03-01T00:00:00Z,SA <4>,8000,0
SA <5>_143,2020-03-01T00:00:00Z,SA <5>,16000,0
SA <6>_144,2020-03-01T00:00:00Z,SA <6>,4000,0
SA <7>_145,2020-03-01T00:00:00Z,SA <7>,3200,0
SA <8>_146,2020-03-01T00:00:00Z,SA <8>,4000,0
SA <9>_147,2020-03-01T00:00:00Z,SA <9>,8000,0
SA <10>_148,2020-03-01T00:00:00Z,SA <10>,4000,0
SA <11>_149,2020-03-01T00:00:00Z,SA <11>,4000,0
SA <12>_150,2020-03-01T00:00:00Z,SA <12>,4000,0
SA <13>_151,2020-03-01T00:00:00Z,SA <13>,80000,0
SA <14>_152,2020-03-01T00:00:00Z,SA <14>,8000,0
SA <15>_153,2020-03-01T00:00:00Z,SA <15>,1600,0
SA <16>_154,2020-03-01T00:00:00Z,SA <16>,4000,0
SA <17>_155,2020-03-01T00:00:00Z,SA <17>,4000,0
SA <18>_156,2020-03-01T00:00:00Z,SA <18>,8000,0
SA <19>_157,2020-03-01T00:00:00Z,SA <19>,6400,0
SA <20>_158,2020-03-01T00:00:00Z,SA <20>,16000,0
SB <1>_159,2020-03-01T00:00:00Z,SB <1>,5333.33,0
SB <2>_160,2020-03-01T00:00:00Z,SB <2>,3200,0
SB <3>_161,2020-03-01T00:00:00Z,SB <3>,10666.67,0
SB <4>_162,2020-03-01T00:00:00Z,SB <4>,106666.67,0
SB <5>_163,2020-03-01T00:00:00Z,SB <5>,53333.33,0
SB <6>_164,2020-03-01T00:00:00Z,SB <6>,5333.33,0
SB <7>_165,2020-03-01T00:00:00Z,SB <7>,2890.67,0
SB <8>_166,2020-03-01T00:00:00Z,SB <8>,97902.93,0
SB <9>_167,2020-03-01T00:00:00Z,SB <9>,32030.72,0
SB <10>_168,2020-03-01T00:00:00Z,SB <10>,105450.6,0
SB <11>_169,2020-03-01T00:00:00Z,SB <11>,28844.46,0
SB <12>_170,2020-03-01T00:00:00Z,SB <12>,8267.36,0
SB <13>_171,2020-03-01T00:00:00Z,SB <13>,28288.88,0
SB <14>_172,2020-03-01T00:00:00Z,SB <14>,16000,0
SB <15>_173,2020-03-01T00:00:00Z,SB <15>,10666.67,0
SB <16>_174,2020-03-01T00:00:00Z,SB <16>,26666.67,0
SB <17>_175,2020-03-01T00:00:00Z,SB <17>,21333.33,0
SB <18>_176,2020-03-01T00:00:00Z,SB <18>,26666.67,0
SB <19>_177,2020-03-01T00:00:00Z,SB <19>,53333.33,0
SB <20>_178,2020-03-01T00:00:00Z,SB <20>,30880,0
SB <21>_179,2020-03-01T00:00:00Z,SB <21>,10491.95,0
SB <22>_180,2020-03-01T00:00:00Z,SB <22>,10666.67,0
SB <23>_181,2020-03-01T00:00:00Z,SB <23>,2666.67,0
SB <24>_182,2020-03-01T00:00:00Z,SB <24>,2180.66,0
SB <25>_183,2020-03-01T00:00:00Z,SB <25>,10666.67,0
SB <26>_184,2020-03-01T00:00:00Z,SB <26>,16832,0
SB <27>_185,2020-03-01T00:00:00Z,SB <27>,108666.67,0
SB <28>_186,2020-03-01T00:00:00Z,SB <28>,4800,0
SB <29>_187,2020-03-01T00:00:00Z,SB <29>,53333.33,0
SB <30>_188,2020-03-01T00:00:00Z,SB <30>,1066.67,0
SB <31>_189,2020-03-01T00:00:00Z,SB <31>,16000,0
SB <32>_190,2020-03-01T00:00:00Z,SB <32>,10666.67,0
SB <33>_191,2020-03-01T00:00:00Z,SB <33>,10666.67,0
SB <34>_192,2020-03-01T00:00:00Z,SB <34>,10666.67,0
SB <35>_193,2020-03-01T00:00:00Z,SB <35>,50613.72,0
SB <36>_194,2020-03-01T00:00:00Z,SB <36>,5642.99,0
SB <37>_195,2020-03-01T00:00:00Z,SB <37>,2666.67,0
SB <38>_196,2020-03-01T00:00:00Z,SB <38>,16000,0
SB <39>_197,2020-03-01T00:00:00Z,SB <39>,8533.33,0
SB <40>_198,2020-03-01T00:00:00Z,SB <40>,53760,0
SB <41>_199,2020-03-01T00:00:00Z,SB <41>,48000,0
SB <42>_200,2020-03-01T00:00:00Z,SB <42>,53333.33,0
SB <43>_201,2020-03-01T00:00:00Z,SB <43>,26666.67,0
SB <44>_202,2020-03-01T00:00:00Z,SB <44>,74666.67,0
SB <45>_203,2020-03-01T00:00:00Z,SB <45>,44640,0
SB <46>_204,2020-03-01T00:00:00Z,SB <46>,45595.9,0
FTS_C1_205,2020-03-01T00:00:00Z,FTS_C1,1000000,1
CS_C2_206,2020-03-01T00:00:00Z,CS_C2,666667,2
ST_C1_207,2020-03-01T00:00:00Z,ST_C1,1111472,1
SA <1>_208,2020-04-01T00:00:00Z,SA <1>,16000,0
SA <2>_209,2020-04-01T00:00:00Z,SA <2>,160000,0
SA <3>_210,2020-04-01T00:00:00Z,SA <3>,800,0
SA <4>_211,2020-04-01T00:00:00Z,SA <4>,8000,0
SA <5>_212,2020-04-01T00:00:00Z,SA <5>,16000,0
SA <6>_213,2020-04-01T00:00:00Z,SA <6>,4000,0
SA <7>_214,2020-04-01T00:00:00Z,SA <7>,3200,0
SA <8>_215,2020-04-01T00:00:00Z,SA <8>,4000,0
SA <9>_216,2020-04-01T00:00:00Z,SA <9>,8000,0
SA <10>_217,2020-04-01T00:00:00Z,SA <10>,4000,0
SA <11>_218,2020-04-01T00:00:00Z,SA <11>,4000,0
SA <12>_219,2020-04-01T00:00:00Z,SA <12>,4000,0
SA <13>_220,2020-04-01T00:00:00Z,SA <13>,80000,0
SA <14>_221,2020-04-01T00:00:00Z,SA <14>,8000,0
SA <15>_222,2020-04-01T00:00:00Z,SA <15>,1600,0
SA <16>_223,2020-04-01T00:00:00Z,SA <16>,4000,0
SA <17>_224,2020-04-01T00:00:00Z,SA <17>,4000,0
SA <18>_225,2020-04-01T00:00:00Z,SA <18>,8000,0
SA <19>_226,2020-04-01T00:00:00Z,SA <19>,6400,0
SA <20>_227,2020-04-01T00:00:00Z,SA <20>,16000,0
SB <1>_228,2020-04-01T00:00:00Z,SB <1>,5333.33,0
SB <2>_229,2020-04-01T00:00:00Z,SB <2>,3200,0
SB <3>_230,2020-04-01T00:00:00Z,SB <3>,10666.67,0
SB <4>_231,2020-04-01T00:00:00Z,SB <4>,106666.67,0
SB <5>_232,2020-04-01T00:00:00Z,SB <5>,53333.33,0
SB <6>_233,2020-04-01T00:00:00Z,SB <6>,5333.33,0
SB <7>_234,2020-04-01T00:00:00Z,SB <7>,2890.67,0
SB <8>_235,2020-04-01T00:00:00Z,SB <8>,97902.93,0
SB <9>_236,2020-04-01T00:00:00Z,SB <9>,32030.72,0
SB <10>_237,2020-04-01T00:00:00Z,SB <10>,105450.6,0
SB <11>_238,2020-04-01T00:00:00Z,SB <11>,28844.46,0
SB <12>_239,2020-04-01T00:00:00Z,SB <12>,8267.36,0
SB <13>_240,2020-04-01T00:00:00Z,SB <13>,28288.88,0
SB <14>_241,2020-04-01T00:00:00Z,SB <14>,16000,0
SB <15>_242,2020-04-01T00:00:00Z,SB <15>,10666.67,0
SB <16>_243,2020-04-01T00:00:00Z,SB <16>,26666.67,0
SB <17>_244,2020-04-01T00:00:00Z,SB <17>,21333.33,0
SB <18>_245,2020-04-01T00:00:00Z,SB <18>,26666.67,0
SB <19>_246,2020-04-01T00:00:00Z,SB <19>,53333.33,0
SB <20>_247,2020-04-01T00:00:00Z,SB <20>,30880,0
SB <21>_248,2020-04-01T00:00:00Z,SB <21>,10491.95,0
SB <22>_249,2020-04-01T00:00:00Z,SB <22>,10666.67,0
SB <23>_250,2020-04-01T00:00:00Z,SB <23>,2666.67,0
SB <24>_251,2020-04-01T00:00:00Z,SB <24>,2180.66,0
SB <25>_252,2020-04-01T00:00:00Z,SB <25>,10666.67,0
SB <26>_253,2020-04-01T00:00:00Z,SB <26>,16832,0
SB <27>_254,2020-04-01T00:00:00Z,SB <27>,108666.67,0
SB <28>_255,2020-04-01T00:00:00Z,SB <28>,4800,0
SB <29>_256,2020-04-01T00:00:00Z,SB <29>,53333.33,0
SB <30>_257,2020-04-01T00:00:00Z,SB <30>,1066.67,0
SB <31>_258,2020-04-01T00:00:00Z,SB <31>,16000,0
SB <32>_259,2020-04-01T00:00:00Z,SB <32>,10666.67,0
SB <33>_260,2020-04-01T00:00:00Z,SB <33>,10666.67,0
SB <34>_261,2020-04-01T00:00:00Z,SB <34>,10666.67,0
SB <35>_262,2020-04-01T00:00:00Z,SB <35>,50613.72,0
SB <36>_263,2020-04-01T00:00:00Z,SB <36>,5642.99,0
SB <37>_264,2020-04-01T00:00:00Z,SB <37>,2666.67,0
SB <38>_265,2020-04-01T00:00:00Z,SB <38>,16000,0
SB <39>_266,2020-04-01T00:00:00Z,SB <39>,8533.33,0
SB <40>_267,2020-04-01T00:00:00Z,SB <40>,53760,0
SB <41>_268,2020-04-01T00:00:00Z,SB <41>,48000,0
SB <42>_269,2020-04-01T00:00:00Z,SB <42>,53333.33,0
SB <43>_270,2020-04-01T00:00:00Z,SB <43>,26666.67,0
SB <44>_271,2020-04-01T00:00:00Z,SB <44>,74666.67,0
SB <45>_272,2020-04-01T00:00:00Z,SB <45>,44640,0
SB <46>_273,2020-04-01T00:00:00Z,SB <46>,45595.9,0
FTS_C1_274,2020-04-01T00:00:00Z,FTS_C1,1000000,1
CS_C2_275,2020-04-01T00:00:00Z,CS_C2,666667,2
SA <1>_276,2020-05-01T00:00:00Z,SA <1>,16000,0
SA <2>_277,2020-05-01T00:00:00Z,SA <2>,160000,0
SA <3>_278,2020-05-01T00:00:00Z,SA <3>,800,0
SA <4>_279,2020-05-01T00:00:00Z,SA <4>,8000,0
SA <5>_280,2020-05-01T00:00:00Z,SA <5>,16000,0
SA <6>_281,2020-05-01T00:00:00Z,SA <6>,4000,0
SA <7>_282,2020-05-01T00:00:00Z,SA <7>,3200,0
SA <8>_283,2020-05-01T00:00:00Z,SA <8>,4000,0
SA <9>_284,2020-05-01T00:00:00Z,SA <9>,8000,0
SA <10>_285,2020-05-01T00:00:00Z,SA <10>,4000,0
SA <11>_286,2020-05-01T00:00:00Z,SA <11>,4000,0
SA <12>_287,2020-05-01T00:00:00Z,SA <12>,4000,0
SA <13>_288,2020-05-01T00:00:00Z,SA <13>,80000,0
SA <14>_289,2020-05-01T00:00:00Z,SA <14>,8000,0
SA <15>_290,2020-05-01T00:00:00Z,SA <15>,1600,0
SA <16>_291,2020-05-01T00:00:00Z,SA <16>,4000,0
SA <17>_292,2020-05-01T00:00:00Z,SA <17>,4000,0
SA <18>_293,2020-05-01T00:00:00Z,SA <18>,8000,0
SA <19>_294,2020-05-01T00:00:00Z,SA <19>,6400,0
SA <20>_295,2020-05-01T00:00:00Z,SA <20>,16000,0
SB <1>_296,2020-05-01T00:00:00Z,SB <1>,5333.33,0
SB <2>_297,2020-05-01T00:00:00Z,SB <2>,3200,0
SB <3>_298,2020-05-01T00:00:00Z,SB <3>,10666.67,0
SB <4>_299,2020-05-01T00:00:00Z,SB <4>,106666.67,0
SB <5>_300,2020-05-01T00:00:00Z,SB <5>,53333.33,0
SB <6>_301,2020-05-01T00:00:00Z,SB <6>,5333.33,0
SB <7>_302,2020-05-01T00:00:00Z,SB <7>,2890.67,0
SB <8>_303,2020-05-01T00:00:00Z,SB <8>,97902.93,0
SB <9>_304,2020-05-01T00:00:00Z,SB <9>,32030.72,0
SB <10>_305,2020-05-01T00:00:00Z,SB <10>,105450.6,0
SB <11>_306,2020-05-01T00:00:00Z,SB <11>,28844.46,0
SB <12>_307,2020-05-01T00:00:00Z,SB <12>,8267.36,0
SB <13>_308,2020-05-01T00:00:00Z,SB <13>,28288.88,0
SB <14>_309,2020-05-01T00:00:00Z,SB <14>,16000,0
SB <15>_310,2020-05-01T00:00:00Z,SB <15>,10666.67,0
SB <16>_311,2020-05-01T00:00:00Z,SB <16>,26666.67,0
SB <17>_312,2020-05-01T00:00:00Z,SB <17>,21333.33,0
SB <18>_313,2020-05-01T00:00:00Z,SB <18>,26666.67,0
SB <19>_314,2020-05-01T00:00:00Z,SB <19>,53333.33,0
SB <20>_315,2020-05-01T00:00:00Z,SB <20>,30880,0
SB <21>_316,2020-05-01T00:00:00Z,SB <21>,10491.95,0
SB <22>_317,2020-05-01T00:00:00Z,SB <22>,10666.67,0
SB <23>_318,2020-05-01T00:00:00Z,SB <23>,2666.67,0
SB <24>_319,2020-05-01T00:00:00Z,SB <24>,2180.66,0
SB <25>_320,2020-05-01T00:00:00Z,SB <25>,10666.67,0
SB <26>_321,2020-05-01T00:00:00Z,SB <26>,16832,0
SB <27>_322,2020-05-01T00:00:00Z,SB <27>,108666.67,0
SB <28>_323,2020-05-01T00:00:00Z,SB <28>,4800,0
SB <29>_324,2020-05-01T00:00:00Z,SB <29>,53333.33,0
SB <30>_325,2020-05-01T00:00:00Z,SB <30>,1066.67,0
SB <31>_326,2020-05-01T00:00:00Z,SB <31>,16000,0
SB <32>_327,2020-05-01T00:00:00Z,SB <32>,10666.67,0
SB <33>_328,2020-05-01T00:00:00Z,SB <33>,10666.67,0
SB <34>_329,2020-05-01T00:00:00Z,SB <34>,10666.67,0
SB <35>_330,2020-05-01T00:00:00Z,SB <35>,50613.72,0
SB <36>_331,2020-05-01T00:00:00Z,SB <36>,5642.99,0
SB <37>_332,2020-05-01T00:00:00Z,SB <37>,2666.67,0
SB <38>_333,2020-05-01T00:00:00Z,SB <38>,16000,0
SB <39>_334,2020-05-01T00:00:00Z,SB <39>,8533.33,0
SB <40>_335,2020-05-01T00:00:00Z,SB <40>,53760,0
SB <41>_336,2020-05-01T00:00:00Z,SB <41>,48000,0
SB <42>_337,2020-05-01T00:00:00Z,SB <42>,53333.33,0
SB <43>_338,2020-05-01T00:00:00Z,SB <43>,26666.67,0
SB <44>_339,2020-05-01T00:00:00Z,SB <44>,74666.67,0
SB <45>_340,2020-05-01T00:00:00Z,SB <45>,44640,0
SB <46>_341,2020-05-01T00:00:00Z,SB <46>,45595.9,0
FTS_C1_342,2020-05-01T00:00:00Z,FTS_C1,1000000,1
CS_C2_343,2020-05-01T00:00:00Z,CS_C2,666667,2
SA <1>_344,2020-06-01T00:00:00Z,SA <1>,16000,0
SA <2>_345,2020-06-01T00:00:00Z,SA <2>,160000,0
SA <3>_346,2020-06-01T00:00:00Z,SA <3>,800,0
SA <4>_347,2020-06-01T00:00:00Z,SA <4>,8000,0
SA <5>_348,2020-06-01T00:00:00Z,SA <5>,16000,0
SA <6>_349,2020-06-01T00:00:00Z,SA <6>,4000,0
SA <7>_350,2020-06-01T00:00:00Z,SA <7>,3200,0
SA <8>_351,2020-06-01T00:00:00Z,SA <8>,4000,0
SA <9>_352,2020-06-01T00:00:00Z,SA <9>,8000,0
SA <10>_353,2020-06-01T00:00:00Z,SA <10>,4000,0
SA <11>_354,2020-06-01T00:00:00Z,SA <11>,4000,0
SA <12>_355,2020-06-01T00:00:00Z,SA <12>,4000,0
SA <13>_356,2020-06-01T00:00:00Z,SA <13>,80000,0
SA <14>_357,2020-06-01T00:00:00Z,SA <14>,8000,0
SA <15>_358,2020-06-01T00:00:00Z,SA <15>,1600,0
SA <16>_359,2020-06-01T00:00:00Z,SA <16>,4000,0
SA <17>_360,2020-06-01T00:00:00Z,SA <17>,4000,0
SA <18>_361,2020-06-01T00:00:00Z,SA <18>,8000,0
SA <19>_362,2020-06-01T00:00:00Z,SA <19>,6400,0
SA <20>_363,2020-06-01T00:00:00Z,SA <20>,16000,0
SB <1>_364,2020-06-01T00:00:00Z,SB <1>,5333.33,0
SB <2>_365,2020-06-01T00:00:00Z,SB <2>,3200,0
SB <3>_366,2020-06-01T00:00:00Z,SB <3>,10666.67,0
SB <4>_367,2020-06-01T00:00:00Z,SB <4>,106666.67,0
SB <5>_368,2020-06-01T00:00:00Z,SB <5>,53333.33,0
SB <6>_369,2020-06-01T00:00:00Z,SB <6>,5333.33,0
SB <7>_370,2020-06-01T00:00:00Z,SB <7>,2890.67,0
SB <8>_371,2020-06-01T00:00:00Z,SB <8>,97902.93,0
SB <9>_372,2020-06-01T00:00:00Z,SB <9>,32030.72,0
SB <10>_373,2020-06-01T00:00:00Z,SB <10>,105450.6,0
SB <11>_374,2020-06-01T00:00:00Z,SB <11>,28844.46,0
SB <12>_375,2020-06-01T00:00:00Z,SB <12>,8267.36,0
SB <13>_376,2020-06-01T00:00:00Z,SB <13>,28288.88,0
SB <14>_377,2020-06-01T00:00:00Z,SB <14>,16000,0
SB <15>_378,2020-06-01T00:00:00Z,SB <15>,10666.67,0
SB <16>_379,2020-06-01T00:00:00Z,SB <16>,26666.67,0
SB <17>_380,2020-06-01T00:00:00Z,SB <17>,21333.33,0
SB <18>_381,2020-06-01T00:00:00Z,SB <18>,26666.67,0
SB <19>_382,2020-06-01T00:00:00Z,SB <19>,53333.33,0
SB <20>_383,2020-06-01T00:00:00Z,SB <20>,30880,0
SB <21>_384,2020-06-01T00:00:00Z,SB <21>,10491.95,0
SB <22>_385,2020-06-01T00:00:00Z,SB <22>,10666.67,0
SB <23>_386,2020-06-01T00:00:00Z,SB <23>,2666.67,0
SB <24>_387,2020-06-01T00:00:00Z,SB <24>,2180.66,0
SB <25>_388,2020-06-01T00:00:00Z,SB <25>,10666.67,0
SB <26>_389,2020-06-01T00:00:00Z,SB <26>,16832,0
SB <27>_390,2020-06-01T00:00:00Z,SB <27>,108666.67,0
SB <28>_391,2020-06-01T00:00:00Z,SB <28>,4800,0
SB <29>_392,2020-06-01T00:00:00Z,SB <29>,53333.33,0
SB <30>_393,2020-06-01T00:00:00Z,SB <30>,1066.67,0
SB <31>_394,2020-06-01T00:00:00Z,SB <31>,16000,0
SB <32>_395,2020-06-01T00:00:00Z,SB <32>,10666.67,0
SB <33>_396,2020-06-01T00:00:00Z,SB <33>,10666.67,0
SB <34>_397,2020-06-01T00:00:00Z,SB <34>,10666.67,0
SB <35>_398,2020-06-01T00:00:00Z,SB <35>,50613.72,0
SB <36>_399,2020-06-01T00:00:00Z,SB <36>,5642.99,0
SB <37>_400,2020-06-01T00:00:00Z,SB <37>,2666.67,0
SB <38>_401,2020-06-01T00:00:00Z,SB <38>,16000,0
SB <39>_402,2020-06-01T00:00:00Z,SB <39>,8533.33,0
SB <40>_403,2020-06-01T00:00:00Z,SB <40>,53760,0
SB <41>_404,2020-06-01T00:00:00Z,SB <41>,48000,0
SB <42>_405,2020-06-01T00:00:00Z,SB <42>,53333.33,0
SB <43>_406,2020-06-01T00:00:00Z,SB <43>,26666.67,0
SB <44>_407,2020-06-01T00:00:00Z,SB <44>,74666.67,0
SB <45>_408,2020-06-01T00:00:00Z,SB <45>,44640,0
SB <46>_409,2020-06-01T00:00:00Z,SB <46>,45595.9,0
FTS_C1_410,2020-06-01T00:00:00Z,FTS_C1,1000000,1
CS_C2_411,2020-06-01T00:00:00Z,CS_C2,666667,2
SA <1>_412,2020-07-01T00:00:00Z,SA <1>,16000,0
SA <2>_413,2020-07-01T00:00:00Z,SA <2>,160000,0
SA <3>_414,2020-07-01T00:00:00Z,SA <3>,800,0
SA <4>_415,2020-07-01T00:00:00Z,SA <4>,8000,0
SA <5>_416,2020-07-01T00:00:00Z,SA <5>,16000,0
SA <6>_417,2020-07-01T00:00:00Z,SA <6>,4000,0
SA <7>_418,2020-07-01T00:00:00Z,SA <7>,3200,0
SA <8>_419,2020-07-01T00:00:00Z,SA <8>,4000,0
SA <9>_420,2020-07-01T00:00:00Z,SA <9>,8000,0
SA <10>_421,2020-07-01T00:00:00Z,SA <10>,4000,0
SA <11>_422,2020-07-01T00:00:00Z,SA <11>,4000,0
SA <12>_423,2020-07-01T00:00:00Z,SA <12>,4000,0
SA <13>_424,2020-07-01T00:00:00Z,SA <13>,80000,0
SA <14>_425,2020-07-01T00:00:00Z,SA <14>,8000,0
SA <15>_426,2020-07-01T00:00:00Z,SA <15>,1600,0
SA <16>_427,2020-07-01T00:00:00Z,SA <16>,4000,0
SA <17>_428,2020-07-01T00:00:00Z,SA <17>,4000,0
SA <18>_429,2020-07-01T00:00:00Z,SA <18>,8000,0
SA <19>_430,2020-07-01T00:00:00Z,SA <19>,6400,0
SA <20>_431,2020-07-01T00:00:00Z,SA <20>,16000,0
SB <1>_432,2020-07-01T00:00:00Z,SB <1>,5333.33,0
SB <2>_433,2020-07-01T00:00:00Z,SB <2>,3200,0
SB <3>_434,2020-07-01T00:00:00Z,SB <3>,10666.67,0
SB <4>_435,2020-07-01T00:00:00Z,SB <4>,106666.67,0
SB <5>_436,2020-07-01T00:00:00Z,SB <5>,53333.33,0
SB <6>_437,2020-07-01T00:00:00Z,SB <6>,5333.33,0
SB <7>_438,2020-07-01T00:00:00Z,SB <7>,2890.67,0
SB <8>_439,2020-07-01T00:00:00Z,SB <8>,97902.93,0
SB <9>_440,2020-07-01T00:00:00Z,SB <9>,32030.72,0
SB <10>_441,2020-07-01T00:00:00Z,SB <10>,105450.6,0
SB <11>_442,2020-07-01T00:00:00Z,SB <11>,28844.46,0
SB <12>_443,2020-07-01T00:00:00Z,SB <12>,8267.36,0
SB <13>_444,2020-07-01T00:00:00Z,SB <13>,28288.88,0
SB <14>_445,2020-07-01T00:00:00Z,SB <14>,16000,0
SB <15>_446,2020-07-01T00:00:00Z,SB <15>,10666.67,0
SB <16>_447,2020-07-01T00:00:00Z,SB <16>,26666.67,0
SB <17>_448,2020-07-01T00:00:00Z,SB <17>,21333.33,0
SB <18>_449,2020-07-01T00:00:00Z,SB <18>,26666.67,0
SB <19>_450,2020-07-01T00:00:00Z,SB <19>,53333.33,0
SB <20>_451,2020-07-01T00:00:00Z,SB <20>,30880,0
SB <21>_452,2020-07-01T00:00:00Z,SB <21>,10491.95,0
SB <22>_453,2020-07-01T00:00:00Z,SB <22>,10666.67,0
SB <23>_454,2020-07-01T00:00:00Z,SB <23>,2666.67,0
SB <24>_455,2020-07-01T00:00:00Z,SB <24>,2180.66,0
SB <25>_456,2020-07-01T00:00:00Z,SB <25>,10666.67,0
SB <26>_457,2020-07-01T00:00:00Z,SB <26>,16832,0
SB <27>_458,2020-07-01T00:00:00Z,SB <27>,108666.67,0
SB <28>_459,2020-07-01T00:00:00Z,SB <28>,4800,0
SB <29>_460,2020-07-01T00:00:00Z,SB <29>,53333.33,0
SB <30>_461,2020-07-01T00:00:00Z,SB <30>,1066.67,0
SB <31>_462,2020-07-01T00:00:00Z,SB <31>,16000,0
SB <32>_463,2020-07-01T00:00:00Z,SB <32>,10666.67,0
SB <33>_464,2020-07-01T00:00:00Z,SB <33>,10666.67,0
SB <34>_465,2020-07-01T00:00:00Z,SB <34>,10666.67,0
SB <35>_466,2020-07-01T00:00:00Z,SB <35>,50613.72,0
SB <36>_467,2020-07-01T00:00:00Z,SB <36>,5642.99,0
SB <37>_468,2020-07-01T00:00:00Z,SB <37>,2666.67,0
SB <38>_469,2020-07-01T00:00:00Z,SB <38>,16000,0
SB <39>_470,2020-07-01T00:00:00Z,SB <39>,8533.33,0
SB <40>_471,2020-07-01T00:00:00Z,SB <40>,53760,0
SB <41>_472,2020-07-01T00:00:00Z,SB <41>,48000,0
SB <42>_473,2020-07-01T00:00:00Z,SB <42>,53333.33,0
SB <43>_474,2020-07-01T00:00:00Z,SB <43>,26666.67,0
SB <44>_475,2020-07-01T00:00:00Z,SB <44>,74666.67,0
SB <45>_476,2020-07-01T00:00:00Z,SB <45>,44640,0
SB <46>_477,2020-07-01T00:00:00Z,SB <46>,45595.9,0
CS_C2_478,2020-07-01T00:00:00Z,CS_C2,666667,2
SA <1>_479,2020-08-01T00:00:00Z,SA <1>,16000,0
SA <2>_480,2020-08-01T00:00:00Z,SA <2>,160000,0
SA <3>_481,2020-08-01T00:00:00Z,SA <3>,800,0
SA <4>_482,2020-08-01T00:00:00Z,SA <4>,8000,0
SA <5>_483,2020-08-01T00:00:00Z,SA <5>,16000,0
SA <6>_484,2020-08-01T00:00:00Z,SA <6>,4000,0
SA <7>_485,2020-08-01T00:00:00Z,SA <7>,3200,0
SA <8>_486,2020-08-01T00:00:00Z,SA <8>,4000,0
SA <9>_487,2020-08-01T00:00:00Z,SA <9>,8000,0
SA <10>_488,2020-08-01T00:00:00Z,SA <10>,4000,0
SA <11>_489,2020-08-01T00:00:00Z,SA <11>,4000,0
SA <12>_490,2020-08-01T00:00:00Z,SA <12>,4000,0
SA <13>_491,2020-08-01T00:00:00Z,SA <13>,80000,0
SA <14>_492,2020-08-01T00:00:00Z,SA <14>,8000,0
SA <15>_493,2020-08-01T00:00:00Z,SA <15>,1600,0
SA <16>_494,2020-08-01T00:00:00Z,SA <16>,4000,0
SA <17>_495,2020-08-01T00:00:00Z,SA <17>,4000,0
SA <18>_496,2020-08-01T00:00:00Z,SA <18>,8000,0
SA <19>_497,2020-08-01T00:00:00Z,SA <19>,6400,0
SA <20>_498,2020-08-01T00:00:00Z,SA <20>,16000,0
SB <1>_499,2020-08-01T00:00:00Z,SB <1>,5333.33,0
SB <2>_500,2020-08-01T00:00:00Z,SB <2>,3200,0
SB <3>_501,2020-08-01T00:00:00Z,SB <3>,10666.67,0
SB <4>_502,2020-08-01T00:00:00Z,SB <4>,106666.67,0
SB <5>_503,2020-08-01T00:00:00Z,SB <5>,53333.33,0
SB <6>_504,2020-08-01T00:00:00Z,SB <6>,5333.33,0
SB <7>_505,2020-08-01T00:00:00Z,SB <7>,2890.67,0
SB <8>_506,2020-08-01T00:00:00Z,SB <8>,97902.93,0
SB <9>_507,2020-08-01T00:00:00Z,SB <9>,32030.72,0
SB <10>_508,2020-08-01T00:00:00Z,SB <10>,105450.6,0
SB <11>_509,2020-08-01T00:00:00Z,SB <11>,28844.46,0
SB <12>_510,2020-08-01T00:00:00Z,SB <12>,8267.36,0
SB <13>_511,2020-08-01T00:00:00Z,SB <13>,28288.88,0
SB <14>_512,2020-08-01T00:00:00Z,SB <14>,16000,0
SB <15>_513,2020-08-01T00:00:00Z,SB <15>,10666.67,0
SB <16>_514,2020-08-01T00:00:00Z,SB <16>,26666.67,0
SB <17>_515,2020-08-01T00:00:00Z,SB <17>,21333.33,0
SB <18>_516,2020-08-01T00:00:00Z,SB <18>,26666.67,0
SB <19>_517,2020-08-01T00:00:00Z,SB <19>,53333.33,0
SB <20>_518,2020-08-01T00:00:00Z,SB <20>,30880,0
SB <21>_519,2020-08-01T00:00:00Z,SB <21>,10491.95,0
SB <22>_520,2020-08-01T00:00:00Z,SB <22>,10666.67,0
SB <23>_521,2020-08-01T00:00:00Z,SB <23>,2666.67,0
SB <24>_522,2020-08-01T00:00:00Z,SB <24>,2180.66,0
SB <25>_523,2020-08-01T00:00:00Z,SB <25>,10666.67,0
SB <26>_524,2020-08-01T00:00:00Z,SB <26>,16832,0
SB <27>_525,2020-08-01T00:00:00Z,SB <27>,108666.67,0
SB <28>_526,2020-08-01T00:00:00Z,SB <28>,4800,0
SB <29>_527,2020-08-01T00:00:00Z,SB <29>,53333.33,0
SB <30>_528,2020-08-01T00:00:00Z,SB <30>,1066.67,0
SB <31>_529,2020-08-01T00:00:00Z,SB <31>,16000,0
SB <32>_530,2020-08-01T00:00:00Z,SB <32>,10666.67,0
SB <33>_531,2020-08-01T00:00:00Z,SB <33>,10666.67,0
SB <34>_532,2020-08-01T00:00:00Z,SB <34>,10666.67,0
SB <35>_533,2020-08-01T00:00:00Z,SB <35>,50613.72,0
SB <36>_534,2020-08-01T00:00:00Z,SB <36>,5642.99,0
SB <37>_535,2020-08-01T00:00:00Z,SB <37>,2666.67,0
SB <38>_536,2020-08-01T00:00:00Z,SB <38>,16000,0
SB <39>_537,2020-08-01T00:00:00Z,SB <39>,8533.33,0
SB <40>_538,2020-08-01T00:00:00Z,SB <40>,53760,0
SB <41>_539,2020-08-01T00:00:00Z,SB <41>,48000,0
SB <42>_540,2020-08-01T00:00:00Z,SB <42>,53333.33,0
SB <43>_541,2020-08-01T00:00:00Z,SB <43>,26666.67,0
SB <44>_542,2020-08-01T00:00:00Z,SB <44>,74666.67,0
SB <45>_543,2020-08-01T00:00:00Z,SB <45>,44640,0
SB <46>_544,2020-08-01T00:00:00Z,SB <46>,45595.9,0
CS_C2_545,2020-08-01T00:00:00Z,CS_C2,666667,2
SA <1>_546,2020-09-01T00:00:00Z,SA <1>,16000,0
SA <2>_547,2020-09-01T00:00:00Z,SA <2>,160000,0
SA <3>_548,2020-09-01T00:00:00Z,SA <3>,800,0
SA <4>_549,2020-09-01T00:00:00Z,SA <4>,8000,0
SA <5>_550,2020-09-01T00:00:00Z,SA <5>,16000,0
SA <6>_551,2020-09-01T00:00:00Z,SA <6>,4000,0
SA <7>_552,2020-09-01T00:00:00Z,SA <7>,3200,0
SA <8>_553,2020-09-01T00:00:00Z,SA <8>,4000,0
SA <9>_554,2020-09-01T00:00:00Z,SA <9>,8000,0
SA <10>_555,2020-09-01T00:00:00Z,SA <10>,4000,0
SA <11>_556,2020-09-01T00:00:00Z,SA <11>,4000,0
SA <12>_557,2020-09-01T00:00:00Z,SA <12>,4000,0
SA <13>_558,2020-09-01T00:00:00Z,SA <13>,80000,0
SA <14>_559,2020-09-01T00:00:00Z,SA <14>,8000,0
SA <15>_560,2020-09-01T00:00:00Z,SA <15>,1600,0
SA <16>_561,2020-09-01T00:00:00Z,SA <16>,4000,0
SA <17>_562,2020-09-01T00:00:00Z,SA <17>,4000,0
SA <18>_563,2020-09-01T00:00:00Z,SA <18>,8000,0
SA <19>_564,2020-09-01T00:00:00Z,SA <19>,6400,0
SA <20>_565,2020-09-01T00:00:00Z,SA <20>,16000,0
SB <1>_566,2020-09-01T00:00:00Z,SB <1>,5333.33,0
SB <2>_567,2020-09-01T00:00:00Z,SB <2>,3200,0
SB <3>_568,2020-09-01T00:00:00Z,SB <3>,10666.67,0
SB <4>_569,2020-09-01T00:00:00Z,SB <4>,106666.67,0
SB <5>_570,2020-09-01T00:00:00Z,SB <5>,53333.33,0
SB <6>_571,2020-09-01T00:00:00Z,SB <6>,5333.33,0
SB <7>_572,2020-09-01T00:00:00Z,SB <7>,2890.67,0
SB <8>_573,2020-09-01T00:00:00Z,SB <8>,97902.93,0
SB <9>_574,2020-09-01T00:00:00Z,SB <9>,32030.72,0
SB <10>_575,2020-09-01T00:00:00Z,SB <10>,105450.6,0
SB <11>_576,2020-09-01T00:00:00Z,SB <11>,28844.46,0
SB <12>_577,2020-09-01T00:00:00Z,SB <12>,8267.36,0
SB <13>_578,2020-09-01T00:00:00Z,SB <13>,28288.88,0
SB <14>_579,2020-09-01T00:00:00Z,SB <14>,16000,0
SB <15>_580,2020-09-01T00:00:00Z,SB <15>,10666.67,0
SB <16>_581,2020-09-01T00:00:00Z,SB <16>,26666.67,0
SB <17>_582,2020-09-01T00:00:00Z,SB <17>,21333.33,0
SB <18>_583,2020-09-01T00:00:00Z,SB <18>,26666.67,0
SB <19>_584,2020-09-01T00:00:00Z,SB <19>,53333.33,0
SB <20>_585,2020-09-01T00:00:00Z,SB <20>,30880,0
SB <21>_586,2020-09-01T00:00:00Z,SB <21>,10491.95,0
SB <22>_587,2020-09-01T00:00:00Z,SB <22>,10666.67,0
SB <23>_588,2020-09-01T00:00:00Z,SB <23>,2666.67,0
SB <24>_589,2020-09-01T00:00:00Z,SB <24>,2180.66,0
SB <25>_590,2020-09-01T00:00:00Z,SB <25>,10666.67,0
SB <26>_591,2020-09-01T00:00:00Z,SB <26>,16832,0
SB <27>_592,2020-09-01T00:00:00Z,SB <27>,108666.67,0
SB <28>_593,2020-09-01T00:00:00Z,SB <28>,4800,0
SB <29>_594,2020-09-01T00:00:00Z,SB <29>,53333.33,0
SB <30>_595,2020-09-01T00:00:00Z,SB <30>,1066.67,0
SB <31>_596,2020-09-01T00:00:00Z,SB <31>,16000,0
SB <32>_597,2020-09-01T00:00:00Z,SB <32>,10666.67,0
SB <33>_598,2020-09-01T00:00:00Z,SB <33>,10666.67,0
SB <34>_599,2020-09-01T00:00:00Z,SB <34>,10666.67,0
SB <35>_600,2020-09-01T00:00:00Z,SB <35>,50613.72,0
SB <36>_601,2020-09-01T00:00:00Z,SB <36>,5642.99,0
SB <37>_602,2020-09-01T00:00:00Z,SB <37>,2666.67,0
SB <38>_603,2020-09-01T00:00:00Z,SB <38>,16000,0
SB <39>_604,2020-09-01T00:00:00Z,SB <39>,8533.33,0
SB <40>_605,2020-09-01T00:00:00Z,SB <40>,53760,0
SB <41>_606,2020-09-01T00:00:00Z,SB <41>,48000,0
SB <42>_607,2020-09-01T00:00:00Z,SB <42>,53333.33,0
SB <43>_608,2020-09-01T00:00:00Z,SB <43>,26666.67,0
SB <44>_609,2020-09-01T00:00:00Z,SB <44>,74666.67,0
SB <45>_610,2020-09-01T00:00:00Z,SB <45>,44640,0
SB <46>_611,2020-09-01T00:00:00Z,SB <46>,45595.9,0
CS_C2_612,2020-09-01T00:00:00Z,CS_C2,666667,2
SA <1>_613,2020-10-01T00:00:00Z,SA <1>,16000,0
SA <2>_614,2020-10-01T00:00:00Z,SA <2>,160000,0
SA <3>_615,2020-10-01T00:00:00Z,SA <3>,800,0
SA <4>_616,2020-10-01T00:00:00Z,SA <4>,8000,0
SA <5>_617,2020-10-01T00:00:00Z,SA <5>,16000,0
SA <6>_618,2020-10-01T00:00:00Z,SA <6>,4000,0
SA <7>_619,2020-10-01T00:00:00Z,SA <7>,3200,0
SA <8>_620,2020-10-01T00:00:00Z,SA <8>,4000,0
SA <9>_621,2020-10-01T00:00:00Z,SA <9>,8000,0
SA <10>_622,2020-10-01T00:00:00Z,SA <10>,4000,0
SA <11>_623,2020-10-01T00:00:00Z,SA <11>,4000,0
SA <12>_624,2020-10-01T00:00:00Z,SA <12>,4000,0
SA <13>_625,2020-10-01T00:00:00Z,SA <13>,80000,0
SA <14>_626,2020-10-01T00:00:00Z,SA <14>,8000,0
SA <15>_627,2020-10-01T00:00:00Z,SA <15>,1600,0
SA <16>_628,2020-10-01T00:00:00Z,SA <16>,4000,0
SA <17>_629,2020-10-01T00:00:00Z,SA <17>,4000,0
SA <18>_630,2020-10-01T00:00:00Z,SA <18>,8000,0
SA <19>_631,2020-10-01T00:00:00Z,SA <19>,6400,0
SA <20>_632,2020-10-01T00:00:00Z,SA <20>,16000,0
SB <1>_633,2020-10-01T00:00:00Z,SB <1>,5333.33,0
SB <2>_634,2020-10-01T00:00:00Z,SB <2>,3200,0
SB <3>_635,2020-10-01T00:00:00Z,SB <3>,10666.67,0
SB <4>_636,2020-10-01T00:00:00Z,SB <4>,106666.67,0
SB <5>_637,2020-10-01T00:00:00Z,SB <5>,53333.33,0
SB <6>_638,2020-10-01T00:00:00Z,SB <6>,5333.33,0
SB <7>_639,2020-10-01T00:00:00Z,SB <7>,2890.67,0
SB <8>_640,2020-10-01T00:00:00Z,SB <8>,97902.93,0
SB <9>_641,2020-10-01T00:00:00Z,SB <9>,32030.72,0
SB <10>_642,2020-10-01T00:00:00Z,SB <10>,105450.6,0
SB <11>_643,2020-10-01T00:00:00Z,SB <11>,28844.46,0
SB <12>_644,2020-10-01T00:00:00Z,SB <12>,8267.36,0
SB <13>_645,2020-10-01T00:00:00Z,SB <13>,28288.88,0
SB <14>_646,2020-10-01T00:00:00Z,SB <14>,16000,0
SB <15>_647,2020-10-01T00:00:00Z,SB <15>,10666.67,0
SB <16>_648,2020-10-01T00:00:00Z,SB <16>,26666.67,0
SB <17>_649,2020-10-01T00:00:00Z,SB <17>,21333.33,0
SB <18>_650,2020-10-01T00:00:00Z,SB <18>,26666.67,0
SB <19>_651,2020-10-01T00:00:00Z,SB <19>,53333.33,0
SB <20>_652,2020-10-01T00:00:00Z,SB <20>,30880,0
SB <21>_653,2020-10-01T00:00:00Z,SB <21>,10491.95,0
SB <22>_654,2020-10-01T00:00:00Z,SB <22>,10666.67,0
SB <23>_655,2020-10-01T00:00:00Z,SB <23>,2666.67,0
SB <24>_656,2020-10-01T00:00:00Z,SB <24>,2180.66,0
SB <25>_657,2020-10-01T00:00:00Z,SB <25>,10666.67,0
SB <26>_658,2020-10-01T00:00:00Z,SB <26>,16832,0
SB <27>_659,2020-10-01T00:00:00Z,SB <27>,108666.67,0
SB <28>_660,2020-10-01T00:00:00Z,SB <28>,4800,0
SB <29>_661,2020-10-01T00:00:00Z,SB <29>,53333.33,0
SB <30>_662,2020-10-01T00:00:00Z,SB <30>,1066.67,0
SB <31>_663,2020-10-01T00:00:00Z,SB <31>,16000,0
SB <32>_664,2020-10-01T00:00:00Z,SB <32>,10666.67,0
SB <33>_665,2020-10-01T00:00:00Z,SB <33>,10666.67,0
SB <34>_666,2020-10-01T00:00:00Z,SB <34>,10666.67,0
SB <35>_667,2020-10-01T00:00:00Z,SB <35>,50613.72,0
SB <36>_668,2020-10-01T00:00:00Z,SB <36>,5642.99,0
SB <37>_669,2020-10-01T00:00:00Z,SB <37>,2666.67,0
SB <38>_670,2020-10-01T00:00:00Z,SB <38>,16000,0
SB <39>_671,2020-10-01T00:00:00Z,SB <39>,8533.33,0
SB <40>_672,2020-10-01T00:00:00Z,SB <40>,53760,0
SB <41>_673,2020-10-01T00:00:00Z,SB <41>,48000,0
SB <42>_674,2020-10-01T00:00:00Z,SB <42>,53333.33,0
SB <43>_675,2020-10-01T00:00:00Z,SB <43>,26666.67,0
SB <44>_676,2020-10-01T00:00:00Z,SB <44>,74666.67,0
SB <45>_677,2020-10-01T00:00:00Z,SB <45>,44640,0
SB <46>_678,2020-10-01T00:00:00Z,SB <46>,45595.9,0
CS_C2_679,2020-10-01T00:00:00Z,CS_C2,666667,2
SA <1>_680,2020-11-01T00:00:00Z,SA <1>,16000,0
SA <2>_681,2020-11-01T00:00:00Z,SA <2>,160000,0
SA <3>_682,2020-11-01T00:00:00Z,SA <3>,800,0
SA <4>_683,2020-11-01T00:00:00Z,SA <4>,8000,0
SA <5>_684,2020-11-01T00:00:00Z,SA <5>,16000,0
SA <6>_685,2020-11-01T00:00:00Z,SA <6>,4000,0
SA <7>_686,2020-11-01T00:00:00Z,SA <7>,3200,0
SA <8>_687,2020-11-01T00:00:00Z,SA <8>,4000,0
SA <9>_688,2020-11-01T00:00:00Z,SA <9>,8000,0
SA <10>_689,2020-11-01T00:00:00Z,SA <10>,4000,0
SA <11>_690,2020-11-01T00:00:00Z,SA <11>,4000,0
SA <12>_691,2020-11-01T00:00:00Z,SA <12>,4000,0
SA <13>_692,2020-11-01T00:00:00Z,SA <13>,80000,0
SA <14>_693,2020-11-01T00:00:00Z,SA <14>,8000,0
SA <15>_694,2020-11-01T00:00:00Z,SA <15>,1600,0
SA <16>_695,2020-11-01T00:00:00Z,SA <16>,4000,0
SA <17>_696,2020-11-01T00:00:00Z,SA <17>,4000,0
SA <18>_697,2020-11-01T00:00:00Z,SA <18>,8000,0
SA <19>_698,2020-11-01T00:00:00Z,SA <19>,6400,0
SA <20>_699,2020-11-01T00:00:00Z,SA <20>,16000,0
SB <1>_700,2020-11-01T00:00:00Z,SB <1>,5333.33,0
SB <2>_701,2020-11-01T00:00:00Z,SB <2>,3200,0
SB <3>_702,2020-11-01T00:00:00Z,SB <3>,10666.67,0
SB <4>_703,2020-11-01T00:00:00Z,SB <4>,106666.67,0
SB <5>_704,2020-11-01T00:00:00Z,SB <5>,53333.33,0
SB <6>_705,2020-11-01T00:00:00Z,SB <6>,5333.33,0
SB <7>_706,2020-11-01T00:00:00Z,SB <7>,2890.67,0
SB <8>_707,2020-11-01T00:00:00Z,SB <8>,97902.93,0
SB <9>_708,2020-11-01T00:00:00Z,SB <9>,32030.72,0
SB <10>_709,2020-11-01T00:00:00Z,SB <10>,105450.6,0
SB <11>_710,2020-11-01T00:00:00Z,SB <11>,28844.46,0
SB <12>_711,2020-11-01T00:00:00Z,SB <12>,8267.36,0
SB <13>_712,2020-11-01T00:00:00Z,SB <13>,28288.88,0
SB <14>_713,2020-11-01T00:00:00Z,SB <14>,16000,0
SB <15>_714,2020-11-01T00:00:00Z,SB <15>,10666.67,0
SB <16>_715,2020-11-01T00:00:00Z,SB <16>,26666.67,0
SB <17>_716,2020-11-01T00:00:00Z,SB <17>,21333.33,0
SB <18>_717,2020-11-01T00:00:00Z,SB <18>,26666.67,0
SB <19>_718,2020-11-01T00:00:00Z,SB <19>,53333.33,0
SB <20>_719,2020-11-01T00:00:00Z,SB <20>,30880,0
SB <21>_720,2020-11-01T00:00:00Z,SB <21>,10491.95,0
SB <22>_721,2020-11-01T00:00:00Z,SB <22>,10666.67,0
SB <23>_722,2020-11-01T00:00:00Z,SB <23>,2666.67,0
SB <24>_723,2020-11-01T00:00:00Z,SB <24>,2180.66,0
SB <25>_724,2020-11-01T00:00:00Z,SB <25>,10666.67,0
SB <26>_725,2020-11-01T00:00:00Z,SB <26>,16832,0
SB <27>_726,2020-11-01T00:00:00Z,SB <27>,108666.67,0
SB <28>_727,2020-11-01T00:00:00Z,SB <28>,4800,0
SB <29>_728,2020-11-01T00:00:00Z,SB <29>,53333.33,0
SB <30>_729,2020-11-01T00:00:00Z,SB <30>,1066.67,0
SB <31>_730,2020-11-01T00:00:00Z,SB <31>,16000,0
SB <32>_731,2020-11-01T00:00:00Z,SB <32>,10666.67,0
SB <33>_732,2020-11-01T00:00:00Z,SB <33>,10666.67,0
SB <34>_733,2020-11-01T00:00:00Z,SB <34>,10666.67,0
SB <35>_734,2020-11-01T00:00:00Z,SB <35>,50613.72,0
SB <36>_735,2020-11-01T00:00:00Z,SB <36>,5642.99,0
SB <37>_736,2020-11-01T00:00:00Z,SB <37>,2666.67,0
SB <38>_737,2020-11-01T00:00:00Z,SB <38>,16000,0
SB <39>_738,2020-11-01T00:00:00Z,SB <39>,8533.33,0
SB <40>_739,2020-11-01T00:00:00Z,SB <40>,53760,0
SB <41>_740,2020-11-01T00:00:00Z,SB <41>,48000,0
SB <42>_741,2020-11-01T00:00:00Z,SB <42>,53333.33,0
SB <43>_742,2020-11-01T00:00:00Z,SB <43>,26666.67,0
SB <44>_743,2020-11-01T00:00:00Z,SB <44>,74666.67,0
SB <45>_744,2020-11-01T00:00:00Z,SB <45>,44640,0
SB <46>_745,2020-11-01T00:00:00Z,SB <46>,45595.9,0
CS_C2_746,2020-11-01T00:00:00Z,CS_C2,666667,2
SA <1>_747,2020-12-01T00:00:00Z,SA <1>,24000,0
SA <2>_748,2020-12-01T00:00:00Z,SA <2>,240000,0
SA <3>_749,2020-12-01T00:00:00Z,SA <3>,1200,0
SA <4>_750,2020-12-01T00:00:00Z,SA <4>,12000,0
SA <5>_751,2020-12-01T00:00:00Z,SA <5>,24000,0
SA <6>_752,2020-12-01T00:00:00Z,SA <6>,6000,0
SA <7>_753,2020-12-01T00:00:00Z,SA <7>,4800,0
SA <8>_754,2020-12-01T00:00:00Z,SA <8>,6000,0
SA <9>_755,2020-12-01T00:00:00Z,SA <9>,12000,0
SA <10>_756,2020-12-01T00:00:00Z,SA <10>,6000,0
SA <11>_757,2020-12-01T00:00:00Z,SA <11>,6000,0
SA <12>_758,2020-12-01T00:00:00Z,SA <12>,6000,0
SA <13>_759,2020-12-01T00:00:00Z,SA <13>,120000,0
SA <14>_760,2020-12-01T00:00:00Z,SA <14>,12000,0
SA <15>_761,2020-12-01T00:00:00Z,SA <15>,2400,0
SA <16>_762,2020-12-01T00:00:00Z,SA <16>,6000,0
SA <17>_763,2020-12-01T00:00:00Z,SA <17>,6000,0
SA <18>_764,2020-12-01T00:00:00Z,SA <18>,12000,0
SA <19>_765,2020-12-01T00:00:00Z,SA <19>,9600,0
SA <20>_766,2020-12-01T00:00:00Z,SA <20>,24000,0
SB <1>_767,2020-12-01T00:00:00Z,SB <1>,8000,0
SB <2>_768,2020-12-01T00:00:00Z,SB <2>,4800,0
SB <3>_769,2020-12-01T00:00:00Z,SB <3>,16000,0
SB <4>_770,2020-12-01T00:00:00Z,SB <4>,160000,0
SB <5>_771,2020-12-01T00:00:00Z,SB <5>,80000,0
SB <6>_772,2020-12-01T00:00:00Z,SB <6>,8000,0
SB <7>_773,2020-12-01T00:00:00Z,SB <7>,4336,0
SB <8>_774,2020-12-01T00:00:00Z,SB <8>,146854.4,0
SB <9>_775,2020-12-01T00:00:00Z,SB <9>,48046.08,0
SB <10>_776,2020-12-01T00:00:00Z,SB <10>,158175.9,0
SB <11>_777,2020-12-01T00:00:00Z,SB <11>,43266.69,0
SB <12>_778,2020-12-01T00:00:00Z,SB <12>,12401.04,0
SB <13>_779,2020-12-01T00:00:00Z,SB <13>,42433.32,0
SB <14>_780,2020-12-01T00:00:00Z,SB <14>,24000,0
SB <15>_781,2020-12-01T00:00:00Z,SB <15>,16000,0
SB <16>_782,2020-12-01T00:00:00Z,SB <16>,40000,0
SB <17>_783,2020-12-01T00:00:00Z,SB <17>,32000,0
SB <18>_784,2020-12-01T00:00:00Z,SB <18>,40000,0
SB <19>_785,2020-12-01T00:00:00Z,SB <19>,80000,0
SB <20>_786,2020-12-01T00:00:00Z,SB <20>,46320,0
SB <21>_787,2020-12-01T00:00:00Z,SB <21>,15737.92,0
SB <22>_788,2020-12-01T00:00:00Z,SB <22>,16000,0
SB <23>_789,2020-12-01T00:00:00Z,SB <23>,4000,0
SB <24>_790,2020-12-01T00:00:00Z,SB <24>,3270.98,0
SB <25>_791,2020-12-01T00:00:00Z,SB <25>,16000,0
SB <26>_792,2020-12-01T00:00:00Z,SB <26>,25248,0
SB <27>_793,2020-12-01T00:00:00Z,SB <27>,163000,0
SB <28>_794,2020-12-01T00:00:00Z,SB <28>,7200,0
SB <29>_795,2020-12-01T00:00:00Z,SB <29>,80000,0
SB <30>_796,2020-12-01T00:00:00Z,SB <30>,1600,0
SB <31>_797,2020-12-01T00:00:00Z,SB <31>,24000,0
SB <32>_798,2020-12-01T00:00:00Z,SB <32>,16000,0
SB <33>_799,2020-12-01T00:00:00Z,SB <33>,16000,0
SB <34>_800,2020-12-01T00:00:00Z,SB <34>,16000,0
SB <35>_801,2020-12-01T00:00:00Z,SB <35>,75920.58,0
SB <36>_802,2020-12-01T00:00:00Z,SB <36>,8464.48,0
SB <37>_803,2020-12-01T00:00:00Z,SB <37>,4000,0
SB <38>_804,2020-12-01T00:00:00Z,SB <38>,24000,0
SB <39>_805,2020-12-01T00:00:00Z,SB <39>,12800,0
SB <40>_806,2020-12-01T00:00:00Z,SB <40>,80640,0
SB <41>_807,2020-12-01T00:00:00Z,SB <41>,72000,0
SB <42>_808,2020-12-01T00:00:00Z,SB <42>,80000,0
SB <43>_809,2020-12-01T00:00:00Z,SB <43>,40000,0
SB <44>_810,2020-12-01T00:00:00Z,SB <44>,112000,0
SB <45>_811,2020-12-01T00:00:00Z,SB <45>,66960,0
SB <46>_812,2020-12-01T00:00:00Z,SB <46>,68393.85,0
PS_C0_813,2020-12-01T00:00:00Z,PS_C0,333333.33,0
PS_C1_814,2020-12-01T00:00:00Z,PS_C1,333333.33,1
PS_C2_815,2020-12-01T00:00:00Z,PS_C2,333333.33,2
PS_C3_816,2020-12-01T00:00:00Z,PS_C3,333333.33,3
PS_C4_817,2020-12-01T00:00:00Z,PS_C4,333333.33,4
PS_C5_818,2020-12-01T00:00:00Z,PS_C5,333333.33,5
PS_C6_819,2020-12-01T00:00:00Z,PS_C6,333333.33,6
PS_C7_820,2020-12-01T00:00:00Z,PS_C7,333333.33,7
PS_C8_821,2020-12-01T00:00:00Z,PS_C8,333333.33,8
PS_C9_822,2020-12-01T00:00:00Z,PS_C9,333333.33,9
Coinlist Global Accredited_823,2020-12-01T00:00:00Z,Coinlist Global Accredited,6666666.67,0
CS_C2_824,2020-12-01T00:00:00Z,CS_C2,666667,2
PS_C0_825,2021-01-01T00:00:00Z,PS_C0,333333.33,0
PS_C1_826,2021-01-01T00:00:00Z,PS_C1,333333.33,1
PS_C2_827,2021-01-01T00:00:00Z,PS_C2,333333.33,2
PS_C3_828,2021-01-01T00:00:00Z,PS_C3,333333.33,3
PS_C4_829,2021-01-01T00:00:00Z,PS_C4,333333.33,4
PS_C5_830,2021-01-01T00:00:00Z,PS_C5,333333.33,5
PS_C6_831,2021-01-01T00:00:00Z,PS_C6,333333.33,6
PS_C7_832,2021-01-01T00:00:00Z,PS_C7,333333.33,7
PS_C8_833,2021-01-01T00:00:00Z,PS_C8,333333.33,8
PS_C9_834,2021-01-01T00:00:00Z,PS_C9,333333.33,9
Coinlist Global Accredited_835,2021-01-01T00:00:00Z,Coinlist Global Accredited,6666666.67,0
CS_C2_836,2021-01-01T00:00:00Z,CS_C2,666667,2
ST_C1_837,2021-01-01T00:00:00Z,ST_C1,8333333,1
PS_C0_838,2021-02-01T00:00:00Z,PS_C0,333333.33,0
PS_C1_839,2021-02-01T00:00:00Z,PS_C1,333333.33,1
PS_C2_840,2021-02-01T00:00:00Z,PS_C2,333333.33,2
PS_C3_841,2021-02-01T00:00:00Z,PS_C3,333333.33,3
PS_C4_842,2021-02-01T00:00:00Z,PS_C4,333333.33,4
PS_C5_843,2021-02-01T00:00:00Z,PS_C5,333333.33,5
PS_C6_844,2021-02-01T00:00:00Z,PS_C6,333333.33,6
PS_C7_845,2021-02-01T00:00:00Z,PS_C7,333333.33,7
PS_C8_846,2021-02-01T00:00:00Z,PS_C8,333333.33,8
PS_C9_847,2021-02-01T00:00:00Z,PS_C9,333333.33,9
Coinlist Global Accredited_848,2021-02-01T00:00:00Z,Coinlist Global Accredited,6666666.67,0
CS_C2_849,2021-02-01T00:00:00Z,CS_C2,666667,2
PS_C0_850,2021-03-01T00:00:00Z,PS_C0,333333.33,0
PS_C1_851,2021-03-01T00:00:00Z,PS_C1,333333.33,1
PS_C2_852,2021-03-01T00:00:00Z,PS_C2,333333.33,2
PS_C3_853,2021-03-01T00:00:00Z,PS_C3,333333.33,3
PS_C4_854,2021-03-01T00:00:00Z,PS_C4,333333.33,4
PS_C5_855,2021-03-01T00:00:00Z,PS_C5,333333.33,5
PS_C6_856,2021-03-01T00:00:00Z,PS_C6,333333.33,6
PS_C7_857,2021-03-01T00:00:00Z,PS_C7,333333.33,7
PS_C8_858,2021-03-01T00:00:00Z,PS_C8,333333.33,8
PS_C9_859,2021-03-01T00:00:00Z,PS_C9,333333.33,9
CS_C2_860,2021-03-01T00:00:00Z,CS_C2,666667,2
PS_C0_861,2021-04-01T00:00:00Z,PS_C0,333333.33,0
PS_C1_862,2021-04-01T00:00:00Z,PS_C1,333333.33,1
PS_C2_863,2021-04-01T00:00:00Z,PS_C2,333333.33,2
PS_C3_864,2021-04-01T00:00:00Z,PS_C3,333333.33,3
PS_C4_865,2021-04-01T00:00:00Z,PS_C4,333333.33,4
PS_C5_866,2021-04-01T00:00:00Z,PS_C5,333333.33,5
PS_C6_867,2021-04-01T00:00:00Z,PS_C6,333333.33,6
PS_C7_868,2021-04-01T00:00:00Z,PS_C7,333333.33,7
PS_C8_869,2021-04-01T00:00:00Z,PS_C8,333333.33,8
PS_C9_870,2021-04-01T00:00:00Z,PS_C9,333333.33,9
CS_C2_871,2021-04-01T00:00:00Z,CS_C2,666667,2
ST_C1_872,2021-04-01T00:00:00Z,ST_C1,1666667,1
PS_C0_873,2021-05-01T00:00:00Z,PS_C0,333333.33,0
PS_C1_874,2021-05-01T00:00:00Z,PS_C1,333333.33,1
PS_C2_875,2021-05-01T00:00:00Z,PS_C2,333333.33,2
PS_C3_876,2021-05-01T00:00:00Z,PS_C3,333333.33,3
PS_C4_877,2021-05-01T00:00:00Z,PS_C4,333333.33,4
PS_C5_878,2021-05-01T00:00:00Z,PS_C5,333333.33,5
PS_C6_879,2021-05-01T00:00:00Z,PS_C6,333333.33,6
PS_C7_880,2021-05-01T00:00:00Z,PS_C7,333333.33,7
PS_C8_881,2021-05-01T00:00:00Z,PS_C8,333333.33,8
PS_C9_882,2021-05-01T00:00:00Z,PS_C9,333333.33,9
PS_C0_883,2021-06-01T00:00:00Z,PS_C0,333333.33,0
PS_C1_884,2021-06-01T00:00:00Z,PS_C1,333333.33,1
PS_C2_885,2021-06-01T00:00:00Z,PS_C2,333333.33,2
PS_C3_886,2021-06-01T00:00:00Z,PS_C3,333333.33,3
PS_C4_887,2021-06-01T00:00:00Z,PS_C4,333333.33,4
PS_C5_888,2021-06-01T00:00:00Z,PS_C5,333333.33,5
PS_C6_889,2021-06-01T00:00:00Z,PS_C6,333333.33,6
PS_C7_890,2021-06-01T00:00:00Z,PS_C7,333333.33,7
PS_C8_891,2021-06-01T00:00:00Z,PS_C8,333333.33,8
PS_C9_892,2021-06-01T00:00:00Z,PS_C9,333333.33,9
PS_C0_893,2021-07-01T00:00:00Z,PS_C0,333333.33,0
PS_C1_894,2021-07-01T00:00:00Z,PS_C1,333333.33,1
PS_C2_895,2021-07-01T00:00:00Z,PS_C2,333333.33,2
PS_C3_896,2021-07-01T00:00:00Z,PS_C3,333333.33,3
PS_C4_897,2021-07-01T00:00:00Z,PS_C4,333333.33,4
PS_C5_898,2021-07-01T00:00:00Z,PS_C5,333333.33,5
PS_C6_899,2021-07-01T00:00:00Z,PS_C6,333333.33,6
PS_C7_900,2021-07-01T00:00:00Z,PS_C7,333333.33,7
PS_C8_901,2021-07-01T00:00:00Z,PS_C8,333333.33,8
PS_C9_902,2021-07-01T00:00:00Z,PS_C9,333333.33,9
ST_C1_903,2021-07-01T00:00:00Z,ST_C1,1666667,1
PS_C0_904,2021-08-01T00:00:00Z,PS_C0,333333.33,0
PS_C1_905,2021-08-01T00:00:00Z,PS_C1,333333.33,1
PS_C2_906,2021-08-01T00:00:00Z,PS_C2,333333.33,2
PS_C3_907,2021-08-01T00:00:00Z,PS_C3,333333.33,3
PS_C4_908,2021-08-01T00:00:00Z,PS_C4,333333.33,4
PS_C5_909,2021-08-01T00:00:00Z,PS_C5,333333.33,5
PS_C6_910,2021-08-01T00:00:00Z,PS_C6,333333.33,6
PS_C7_911,2021-08-01T00:00:00Z,PS_C7,333333.33,7
PS_C8_912,2021-08-01T00:00:00Z,PS_C8,333333.33,8
PS_C9_913,2021-08-01T00:00:00Z,PS_C9,333333.33,9
PS_C0_914,2021-09-01T00:00:00Z,PS_C0,333333.33,0
PS_C1_915,2021-09-01T00:00:00Z,PS_C1,333333.33,1
PS_C2_916,2021-09-01T00:00:00Z,PS_C2,333333.33,2
PS_C3_917,2021-09-01T00:00:00Z,PS_C3,333333.33,3
PS_C4_918,2021-09-01T00:00:00Z,PS_C4,333333.33,4
PS_C5_919,2021-09-01T00:00:00Z,PS_C5,333333.33,5
PS_C6_920,2021-09-01T00:00:00Z,PS_C6,333333.33,6
PS_C7_921,2021-09-01T00:00:00Z,PS_C7,333333.33,7
PS_C8_922,2021-09-01T00:00:00Z,PS_C8,333333.33,8
PS_C9_923,2021-09-01T00:00:00Z,PS_C9,333333.33,9
PS_C0_924,2021-10-01T00:00:00Z,PS_C0,333333.33,0
PS_C1_925,2021-10-01T00:00:00Z,PS_C1,333333.33,1
PS_C2_926,2021-10-01T00:00:00Z,PS_C2,333333.33,2
PS_C3_927,2021-10-01T00:00:00Z,PS_C3,333333.33,3
PS_C4_928,2021-10-01T00:00:00Z,PS_C4,333333.33,4
PS_C5_929,2021-10-01T00:00:00Z,PS_C5,333333.33,5
PS_C6_930,2021-10-01T00:00:00Z,PS_C6,333333.33,6
PS_C7_931,2021-10-01T00:00:00Z,PS_C7,333333.33,7
PS_C8_932,2021-10-01T00:00:00Z,PS_C8,333333.33,8
PS_C9_933,2021-10-01T00:00:00Z,PS_C9,333333.33,9
ST_C1_934,2021-10-01T00:00:00Z,ST_C1,1666667,1
PS_C0_935,2021-11-01T00:00:00Z,PS_C0,333333.33,0
PS_C1_936,2021-11-01T00:00:00Z,PS_C1,333333.33,1
PS_C2_937,2021-11-01T00:00:00Z,PS_C2,333333.33,2
PS_C3_938,2021-11-01T00:00:00Z,PS_C3,333333.33,3
PS_C4_939,2021-11-01T00:00:00Z,PS_C4,333333.33,4
PS_C5_940,2021-11-01T00:00:00Z,PS_C5,333333.33,5
PS_C6_941,2021-11-01T00:00:00Z,PS_C6,333333.33,6
PS_C7_942,2021-11-01T00:00:00Z,PS_C7,333333.33,7
PS_C8_943,2021-11-01T00:00:00Z,PS_C8,333333.33,8
PS_C9_944,2021-11-01T00:00:00Z,PS_C9,333333.33,9
PS_C0_945,2021-12-01T00:00:00Z,PS_C0,333333.33,0
PS_C1_946,2021-12-01T00:00:00Z,PS_C1,333333.33,1
PS_C2_947,2021-12-01T00:00:00Z,PS_C2,333333.33,2
PS_C3_948,2021-12-01T00:00:00Z,PS_C3,333333.33,3
PS_C4_949,2021-12-01T00:00:00Z,PS_C4,333333.33,4
PS_C5_950,2021-12-01T00:00:00Z,PS_C5,333333.33,5
PS_C6_951,2021-12-01T00:00:00Z,PS_C6,333333.33,6
PS_C7_952,2021-12-01T00:00:00Z,PS_C7,333333.33,7
PS_C8_953,2021-12-01T00:00:00Z,PS_C8,333333.33,8
PS_C9_954,2021-12-01T00:00:00Z,PS_C9,333333.33,9
PS_C0_955,2022-01-01T00:00:00Z,PS_C0,333333.33,0
PS_C1_956,2022-01-01T00:00:00Z,PS_C1,333333.33,1
PS_C2_957,2022-01-01T00:00:00Z,PS_C2,333333.33,2
PS_C3_958,2022-01-01T00:00:00Z,PS_C3,333333.33,3
PS_C4_959,2022-01-01T00:00:00Z,PS_C4,333333.33,4
PS_C5_960,2022-01-01T00:00:00Z,PS_C5,333333.33,5
PS_C6_961,2022-01-01T00:00:00Z,PS_C6,333333.33,6
PS_C7_962,2022-01-01T00:00:00Z,PS_C7,333333.33,7
PS_C8_963,2022-01-01T00:00:00Z,PS_C8,333333.33,8
PS_C9_964,2022-01-01T00:00:00Z,PS_C9,333333.33,9
ST_C1_965,2022-01-01T00:00:00Z,ST_C1,1666667,1
PS_C0_966,2022-02-01T00:00:00Z,PS_C0,333333.33,0
PS_C1_967,2022-02-01T00:00:00Z,PS_C1,333333.33,1
PS_C2_968,2022-02-01T00:00:00Z,PS_C2,333333.33,2
PS_C3_969,2022-02-01T00:00:00Z,PS_C3,333333.33,3
PS_C4_970,2022-02-01T00:00:00Z,PS_C4,333333.33,4
PS_C5_971,2022-02-01T00:00:00Z,PS_C5,333333.33,5
PS_C6_972,2022-02-01T00:00:00Z,PS_C6,333333.33,6
PS_C7_973,2022-02-01T00:00:00Z,PS_C7,333333.33,7
PS_C8_974,2022-02-01T00:00:00Z,PS_C8,333333.33,8
PS_C9_975,2022-02-01T00:00:00Z,PS_C9,333333.33,9
PS_C0_976,2022-03-01T00:00:00Z,PS_C0,333333.33,0
PS_C1_977,2022-03-01T00:00:00Z,PS_C1,333333.33,1
PS_C2_978,2022-03-01T00:00:00Z,PS_C2,333333.33,2
PS_C3_979,2022-03-01T00:00:00Z,PS_C3,333333.33,3
PS_C4_980,2022-03-01T00:00:00Z,PS_C4,333333.33,4
PS_C5_981,2022-03-01T00:00:00Z,PS_C5,333333.33,5
PS_C6_982,2022-03-01T00:00:00Z,PS_C6,333333.33,6
PS_C7_983,2022-03-01T00:00:00Z,PS_C7,333333.33,7
PS_C8_984,2022-03-01T00:00:00Z,PS_C8,333333.33,8
PS_C9_985,2022-03-01T00:00:00Z,PS_C9,333333.33,9
PS_C0_986,2022-04-01T00:00:00Z,PS_C0,333333.33,0
PS_C1_987,2022-04-01T00:00:00Z,PS_C1,333333.33,1
PS_C2_988,2022-04-01T00:00:00Z,PS_C2,333333.33,2
PS_C3_989,2022-04-01T00:00:00Z,PS_C3,333333.33,3
PS_C4_990,2022-04-01T00:00:00Z,PS_C4,333333.33,4
PS_C5_991,2022-04-01T00:00:00Z,PS_C5,333333.33,5
PS_C6_992,2022-04-01T00:00:00Z,PS_C6,333333.33,6
PS_C7_993,2022-04-01T00:00:00Z,PS_C7,333333.33,7
PS_C8_994,2022-04-01T00:00:00Z,PS_C8,333333.33,8
PS_C9_995,2022-04-01T00:00:00Z,PS_C9,333333.33,9
ST_C1_996,2022-04-01T00:00:00Z,ST_C1,1666667,1
PS_C0_997,2022-05-01T00:00:00Z,PS_C0,333333.33,0
PS_C1_998,2022-05-01T00:00:00Z,PS_C1,333333.33,1
PS_C2_999,2022-05-01T00:00:00Z,PS_C2,333333.33,2
PS_C3_1000,2022-05-01T00:00:00Z,PS_C3,333333.33,3
PS_C4_1001,2022-05-01T00:00:00Z,PS_C4,333333.33,4
PS_C5_1002,2022-05-01T00:00:00Z,PS_C5,333333.33,5
PS_C6_1003,2022-05-01T00:00:00Z,PS_C6,333333.33,6
PS_C7_1004,2022-05-01T00:00:00Z,PS_C7,333333.33,7
PS_C8_1005,2022-05-01T00:00:00Z,PS_C8,333333.33,8
PS_C9_1006,2022-05-01T00:00:00Z,PS_C9,333333.33,9
PS_C0_1007,2022-06-01T00:00:00Z,PS_C0,333333.33,0
PS_C1_1008,2022-06-01T00:00:00Z,PS_C1,333333.33,1
PS_C2_1009,2022-06-01T00:00:00Z,PS_C2,333333.33,2
PS_C3_1010,2022-06-01T00:00:00Z,PS_C3,333333.33,3
PS_C4_1011,2022-06-01T00:00:00Z,PS_C4,333333.33,4
PS_C5_1012,2022-06-01T00:00:00Z,PS_C5,333333.33,5
PS_C6_1013,2022-06-01T00:00:00Z,PS_C6,333333.33,6
PS_C7_1014,2022-06-01T00:00:00Z,PS_C7,333333.33,7
PS_C8_1015,2022-06-01T00:00:00Z,PS_C8,333333.33,8
PS_C9_1016,2022-06-01T00:00:00Z,PS_C9,333333.33,9
PS_C0_1017,2022-07-01T00:00:00Z,PS_C0,333333.33,0
PS_C1_1018,2022-07-01T00:00:00Z,PS_C1,333333.33,1
PS_C2_1019,2022-07-01T00:00:00Z,PS_C2,333333.33,2
PS_C3_1020,2022-07-01T00:00:00Z,PS_C3,333333.33,3
PS_C4_1021,2022-07-01T00:00:00Z,PS_C4,333333.33,4
PS_C5_1022,2022-07-01T00:00:00Z,PS_C5,333333.33,5
PS_C6_1023,2022-07-01T00:00:00Z,PS_C6,333333.33,6
PS_C7_1024,2022-07-01T00:00:00Z,PS_C7,333333.33,7
PS_C8_1025,2022-07-01T00:00:00Z,PS_C8,333333.33,8
PS_C9_1026,2022-07-01T00:00:00Z,PS_C9,333333.33,9
ST_C1_1027,2022-07-01T00:00:00Z,ST_C1,1666667,1
PS_C0_1028,2022-08-01T00:00:00Z,PS_C0,333333.33,0
PS_C1_1029,2022-08-01T00:00:00Z,PS_C1,333333.33,1
PS_C2_1030,2022-08-01T00:00:00Z,PS_C2,333333.33,2
PS_C3_1031,2022-08-01T00:00:00Z,PS_C3,333333.33,3
PS_C4_1032,2022-08-01T00:00:00Z,PS_C4,333333.33,4
PS_C5_1033,2022-08-01T00:00:00Z,PS_C5,333333.33,5
PS_C6_1034,2022-08-01T00:00:00Z,PS_C6,333333.33,6
PS_C7_1035,2022-08-01T00:00:00Z,PS_C7,333333.33,7
PS_C8_1036,2022-08-01T00:00:00Z,PS_C8,333333.33,8
PS_C9_1037,2022-08-01T00:00:00Z,PS_C9,333333.33,9
PS_C0_1038,2022-09-01T00:00:00Z,PS_C0,333333.33,0
PS_C1_1039,2022-09-01T00:00:00Z,PS_C1,333333.33,1
PS_C2_1040,2022-09-01T00:00:00Z,PS_C2,333333.33,2
PS_C3_1041,2022-09-01T00:00:00Z,PS_C3,333333.33,3
PS_C4_1042,2022-09-01T00:00:00Z,PS_C4,333333.33,4
PS_C5_1043,2022-09-01T00:00:00Z,PS_C5,333333.33,5
PS_C6_1044,2022-09-01T00:00:00Z,PS_C6,333333.33,6
PS_C7_1045,2022-09-01T00:00:00Z,PS_C7,333333.33,7
PS_C8_1046,2022-09-01T00:00:00Z,PS_C8,333333.33,8
PS_C9_1047,2022-09-01T00:00:00Z,PS_C9,333333.33,9
PS_C0_1048,2022-10-01T00:00:00Z,PS_C0,333333.33,0
PS_C1_1049,2022-10-01T00:00:00Z,PS_C1,333333.33,1
PS_C2_1050,2022-10-01T00:00:00Z,PS_C2,333333.33,2
PS_C3_1051,2022-10-01T00:00:00Z,PS_C3,333333.33,3
PS_C4_1052,2022-10-01T00:00:00Z,PS_C4,333333.33,4
PS_C5_1053,2022-10-01T00:00:00Z,PS_C5,333333.33,5
PS_C6_1054,2022-10-01T00:00:00Z,PS_C6,333333.33,6
PS_C7_1055,2022-10-01T00:00:00Z,PS_C7,333333.33,7
PS_C8_1056,2022-10-01T00:00:00Z,PS_C8,333333.33,8
PS_C9_1057,2022-10-01T00:00:00Z,PS_C9,333333.33,9
ST_C1_1058,2022-10-01T00:00:00Z,ST_C1,1666667,1
PS_C0_1059,2022-11-01T00:00:00Z,PS_C0,333333.33,0
PS_C1_1060,2022-11-01T00:00:00Z,PS_C1,333333.33,1
PS_C2_1061,2022-11-01T00:00:00Z,PS_C2,333333.33,2
PS_C3_1062,2022-11-01T00:00:00Z,PS_C3,333333.33,3
PS_C4_1063,2022-11-01T00:00:00Z,PS_C4,333333.33,4
PS_C5_1064,2022-11-01T00:00:00Z,PS_C5,333333.33,5
PS_C6_1065,2022-11-01T00:00:00Z,PS_C6,333333.33,6
PS_C7_1066,2022-11-01T00:00:00Z,PS_C7,333333.33,7
PS_C8_1067,2022-11-01T00:00:00Z,PS_C8,333333.33,8
PS_C9_1068,2022-11-01T00:00:00Z,PS_C9,333333.33,9
PS_C0_1069,2022-12-01T00:00:00Z,PS_C0,333333.33,0
PS_C1_1070,2022-12-01T00:00:00Z,PS_C1,333333.33,1
PS_C2_1071,2022-12-01T00:00:00Z,PS_C2,333333.33,2
PS_C3_1072,2022-12-01T00:00:00Z,PS_C3,333333.33,3
PS_C4_1073,2022-12-01T00:00:00Z,PS_C4,333333.33,4
PS_C5_1074,2022-12-01T00:00:00Z,PS_C5,333333.33,5
PS_C6_1075,2022-12-01T00:00:00Z,PS_C6,333333.33,6
PS_C7_1076,2022-12-01T00:00:00Z,PS_C7,333333.33,7
PS_C8_1077,2022-12-01T00:00:00Z,PS_C8,333333.33,8
PS_C9_1078,2022-12-01T00:00:00Z,PS_C9,333333.33,9
PS_C0_1079,2023-01-01T00:00:00Z,PS_C0,333333.33,0
PS_C1_1080,2023-01-01T00:00:00Z,PS_C1,333333.33,1
PS_C2_1081,2023-01-01T00:00:00Z,PS_C2,333333.33,2
PS_C3_1082,2023-01-01T00:00:00Z,PS_C3,333333.33,3
PS_C4_1083,2023-01-01T00:00:00Z,PS_C4,333333.33,4
PS_C5_1084,2023-01-01T00:00:00Z,PS_C5,333333.33,5
PS_C6_1085,2023-01-01T00:00:00Z,PS_C6,333333.33,6
PS_C7_1086,2023-01-01T00:00:00Z,PS_C7,333333.33,7
PS_C8_1087,2023-01-01T00:00:00Z,PS_C8,333333.33,8
PS_C9_1088,2023-01-01T00:00:00Z,PS_C9,333333.33,9
PS_C0_1089,2023-02-01T00:00:00Z,PS_C0,333333.33,0
PS_C1_1090,2023-02-01T00:00:00Z,PS_C1,333333.33,1
PS_C2_1091,2023-02-01T00:00:00Z,PS_C2,333333.33,2
PS_C3_1092,2023-02-01T00:00:00Z,PS_C3,333333.33,3
PS_C4_1093,2023-02-01T00:00:00Z,PS_C4,333333.33,4
PS_C5_1094,2023-02-01T00:00:00Z,PS_C5,333333.33,5
PS_C6_1095,2023-02-01T00:00:00Z,PS_C6,333333.33,6
PS_C7_1096,2023-02-01T00:00:00Z,PS_C7,333333.33,7
PS_C8_1097,2023-02-01T00:00:00Z,PS_C8,333333.33,8
PS_C9_1098,2023-02-01T00:00:00Z,PS_C9,333333.33,9
PS_C0_1099,2023-03-01T00:00:00Z,PS_C0,333333.33,0
PS_C1_1100,2023-03-01T00:00:00Z,PS_C1,333333.33,1
PS_C2_1101,2023-03-01T00:00:00Z,PS_C2,333333.33,2
PS_C3_1102,2023-03-01T00:00:00Z,PS_C3,333333.33,3
PS_C4_1103,2023-03-01T00:00:00Z,PS_C4,333333.33,4
PS_C5_1104,2023-03-01T00:00:00Z,PS_C5,333333.33,5
PS_C6_1105,2023-03-01T00:00:00Z,PS_C6,333333.33,6
PS_C7_1106,2023-03-01T00:00:00Z,PS_C7,333333.33,7
PS_C8_1107,2023-03-01T00:00:00Z,PS_C8,333333.33,8
PS_C9_1108,2023-03-01T00:00:00Z,PS_C9,333333.33,9
PS_C0_1109,2023-04-01T00:00:00Z,PS_C0,333333.33,0
PS_C1_1110,2023-04-01T00:00:00Z,PS_C1,333333.33,1
PS_C2_1111,2023-04-01T00:00:00Z,PS_C2,333333.33,2
PS_C3_1112,2023-04-01T00:00:00Z,PS_C3,333333.33,3
PS_C4_1113,2023-04-01T00:00:00Z,PS_C4,333333.33,4
PS_C5_1114,2023-04-01T00:00:00Z,PS_C5,333333.33,5
PS_C6_1115,2023-04-01T00:00:00Z,PS_C6,333333.33,6
PS_C7_1116,2023-04-01T00:00:00Z,PS_C7,333333.33,7
PS_C8_1117,2023-04-01T00:00:00Z,PS_C8,333333.33,8
PS_C9_1118,2023-04-01T00:00:00Z,PS_C9,333333.33,9
PS_C0_1119,2023-05-01T00:00:00Z,PS_C0,333333.33,0
PS_C1_1120,2023-05-01T00:00:00Z,PS_C1,333333.33,1
PS_C2_1121,2023-05-01T00:00:00Z,PS_C2,333333.33,2
PS_C3_1122,2023-05-01T00:00:00Z,PS_C3,333333.33,3
PS_C4_1123,2023-05-01T00:00:00Z,PS_C4,333333.33,4
PS_C5_1124,2023-05-01T00:00:00Z,PS_C5,333333.33,5
PS_C6_1125,2023-05-01T00:00:00Z,PS_C6,333333.33,6
PS_C7_1126,2023-05-01T00:00:00Z,PS_C7,333333.33,7
PS_C8_1127,2023-05-01T00:00:00Z,PS_C8,333333.33,8
PS_C9_1128,2023-05-01T00:00:00Z,PS_C9,333333.33,9
PS_C0_1129,2023-06-01T00:00:00Z,PS_C0,333333.33,0
PS_C1_1130,2023-06-01T00:00:00Z,PS_C1,333333.33,1
PS_C2_1131,2023-06-01T00:00:00Z,PS_C2,333333.33,2
PS_C3_1132,2023-06-01T00:00:00Z,PS_C3,333333.33,3
PS_C4_1133,2023-06-01T00:00:00Z,PS_C4,333333.33,4
PS_C5_1134,2023-06-01T00:00:00Z,PS_C5,333333.33,5
PS_C6_1135,2023-06-01T00:00:00Z,PS_C6,333333.33,6
PS_C7_1136,2023-06-01T00:00:00Z,PS_C7,333333.33,7
PS_C8_1137,2023-06-01T00:00:00Z,PS_C8,333333.33,8
PS_C9_1138,2023-06-01T00:00:00Z,PS_C9,333333.33,9
PS_C0_1139,2023-07-01T00:00:00Z,PS_C0,333333.33,0
PS_C1_1140,2023-07-01T00:00:00Z,PS_C1,333333.33,1
PS_C2_1141,2023-07-01T00:00:00Z,PS_C2,333333.33,2
PS_C3_1142,2023-07-01T00:00:00Z,PS_C3,333333.33,3
PS_C4_1143,2023-07-01T00:00:00Z,PS_C4,333333.33,4
PS_C5_1144,2023-07-01T00:00:00Z,PS_C5,333333.33,5
PS_C6_1145,2023-07-01T00:00:00Z,PS_C6,333333.33,6
PS_C7_1146,2023-07-01T00:00:00Z,PS_C7,333333.33,7
PS_C8_1147,2023-07-01T00:00:00Z,PS_C8,333333.33,8
PS_C9_1148,2023-07-01T00:00:00Z,PS_C9,333333.33,9
PS_C0_1149,2023-08-01T00:00:00Z,PS_C0,333333.33,0
PS_C1_1150,2023-08-01T00:00:00Z,PS_C1,333333.33,1
PS_C2_1151,2023-08-01T00:00:00Z,PS_C2,333333.33,2
PS_C3_1152,2023-08-01T00:00:00Z,PS_C3,333333.33,3
PS_C4_1153,2023-08-01T00:00:00Z,PS_C4,333333.33,4
PS_C5_1154,2023-08-01T00:00:00Z,PS_C5,333333.33,5
PS_C6_1155,2023-08-01T00:00:00Z,PS_C6,333333.33,6
PS_C7_1156,2023-08-01T00:00:00Z,PS_C7,333333.33,7
PS_C8_1157,2023-08-01T00:00:00Z,PS_C8,333333.33,8
PS_C9_1158,2023-08-01T00:00:00Z,PS_C9,333333.33,9
PS_C0_1159,2023-09-01T00:00:00Z,PS_C0,333333.33,0
PS_C1_1160,2023-09-01T00:00:00Z,PS_C1,333333.33,1
PS_C2_1161,2023-09-01T00:00:00Z,PS_C2,333333.33,2
PS_C3_1162,2023-09-01T00:00:00Z,PS_C3,333333.33,3
PS_C4_1163,2023-09-01T00:00:00Z,PS_C4,333333.33,4
PS_C5_1164,2023-09-01T00:00:00Z,PS_C5,333333.33,5
PS_C6_1165,2023-09-01T00:00:00Z,PS_C6,333333.33,6
PS_C7_1166,2023-09-01T00:00:00Z,PS_C7,333333.33,7
PS_C8_1167,2023-09-01T00:00:00Z,PS_C8,333333.33,8
PS_C9_1168,2023-09-01T00:00:00Z,PS_C9,333333.33,9
PS_C0_1169,2023-10-01T00:00:00Z,PS_C0,333333.33,0
PS_C1_1170,2023-10-01T00:00:00Z,PS_C1,333333.33,1
PS_C2_1171,2023-10-01T00:00:00Z,PS_C2,333333.33,2
PS_C3_1172,2023-10-01T00:00:00Z,PS_C3,333333.33,3
PS_C4_1173,2023-10-01T00:00:00Z,PS_C4,333333.33,4
PS_C5_1174,2023-10-01T00:00:00Z,PS_C5,333333.33,5
PS_C6_1175,2023-10-01T00:00:00Z,PS_C6,333333.33,6
PS_C7_1176,2023-10-01T00:00:00Z,PS_C7,333333.33,7
PS_C8_1177,2023-10-01T00:00:00Z,PS_C8,333333.33,8
PS_C9_1178,2023-10-01T00:00:00Z,PS_C9,333333.33,9
PS_C0_1179,2023-11-01T00:00:00Z,PS_C0,333333.33,0
PS_C1_1180,2023-11-01T00:00:00Z,PS_C1,333333.33,1
PS_C2_1181,2023-11-01T00:00:00Z,PS_C2,333333.33,2
PS_C3_1182,2023-11-01T00:00:00Z,PS_C3,333333.33,3
PS_C4_1183,2023-11-01T00:00:00Z,PS_C4,333333.33,4
PS_C5_1184,2023-11-01T00:00:00Z,PS_C5,333333.33,5
PS_C6_1185,2023-11-01T00:00:00Z,PS_C6,333333.33,6
PS_C7_1186,2023-11-01T00:00:00Z,PS_C7,333333.33,7
PS_C8_1187,2023-11-01T00:00:00Z,PS_C8,333333.33,8
PS_C9_1188,2023-11-01T00:00:00Z,PS_C9,333333.33,9
PS_C0_1189,2023-12-01T00:00:00Z,PS_C0,333333.33,0
PS_C1_1190,2023-12-01T00:00:00Z,PS_C1,333333.33,1
PS_C2_1191,2023-12-01T00:00:00Z,PS_C2,333333.33,2
PS_C3_1192,2023-12-01T00:00:00Z,PS_C3,333333.33,3
PS_C4_1193,2023-12-01T00:00:00Z,PS_C4,333333.33,4
PS_C5_1194,2023-12-01T00:00:00Z,PS_C5,333333.33,5
PS_C6_1195,2023-12-01T00:00:00Z,PS_C6,333333.33,6
PS_C7_1196,2023-12-01T00:00:00Z,PS_C7,333333.33,7
PS_C8_1197,2023-12-01T00:00:00Z,PS_C8,333333.33,8
PS_C9_1198,2023-12-01T00:00:00Z,PS_C9,333333.33,9
PS_C0_1199,2024-01-01T00:00:00Z,PS_C0,333333.33,0
PS_C1_1200,2024-01-01T00:00:00Z,PS_C1,333333.33,1
PS_C2_1201,2024-01-01T00:00:00Z,PS_C2,333333.33,2
PS_C3_1202,2024-01-01T00:00:00Z,PS_C3,333333.33,3
PS_C4_1203,2024-01-01T00:00:00Z,PS_C4,333333.33,4
PS_C5_1204,2024-01-01T00:00:00Z,PS_C5,333333.33,5
PS_C6_1205,2024-01-01T00:00:00Z,PS_C6,333333.33,6
PS_C7_1206,2024-01-01T00:00:00Z,PS_C7,333333.33,7
PS_C8_1207,2024-01-01T00:00:00Z,PS_C8,333333.33,8
PS_C9_1208,2024-01-01T00:00:00Z,PS_C9,333333.33,9
PS_C0_1209,2024-02-01T00:00:00Z,PS_C0,333333.33,0
PS_C1_1210,2024-02-01T00:00:00Z,PS_C1,333333.33,1
PS_C2_1211,2024-02-01T00:00:00Z,PS_C2,333333.33,2
PS_C3_1212,2024-02-01T00:00:00Z,PS_C3,333333.33,3
PS_C4_1213,2024-02-01T00:00:00Z,PS_C4,333333.33,4
PS_C5_1214,2024-02-01T00:00:00Z,PS_C5,333333.33,5
PS_C6_1215,2024-02-01T00:00:00Z,PS_C6,333333.33,6
PS_C7_1216,2024-02-01T00:00:00Z,PS_C7,333333.33,7
PS_C8_1217,2024-02-01T00:00:00Z,PS_C8,333333.33,8
PS_C9_1218,2024-02-01T00:00:00Z,PS_C9,333333.33,9
PS_C0_1219,2024-03-01T00:00:00Z,PS_C0,333333.33,0
PS_C1_1220,2024-03-01T00:00:00Z,PS_C1,333333.33,1
PS_C2_1221,2024-03-01T00:00:00Z,PS_C2,333333.33,2
PS_C3_1222,2024-03-01T00:00:00Z,PS_C3,333333.33,3
PS_C4_1223,2024-03-01T00:00:00Z,PS_C4,333333.33,4
PS_C5_1224,2024-03-01T00:00:00Z,PS_C5,333333.33,5
PS_C6_1225,2024-03-01T00:00:00Z,PS_C6,333333.33,6
PS_C7_1226,2024-03-01T00:00:00Z,PS_C7,333333.33,7
PS_C8_1227,2024-03-01T00:00:00Z,PS_C8,333333.33,8
PS_C9_1228,2024-03-01T00:00:00Z,PS_C9,333333.33,9
PS_C0_1229,2024-04-01T00:00:00Z,PS_C0,333333.33,0
PS_C1_1230,2024-04-01T00:00:00Z,PS_C1,333333.33,1
PS_C2_1231,2024-04-01T00:00:00Z,PS_C2,333333.33,2
PS_C3_1232,2024-04-01T00:00:00Z,PS_C3,333333.33,3
PS_C4_1233,2024-04-01T00:00:00Z,PS_C4,333333.33,4
PS_C5_1234,2024-04-01T00:00:00Z,PS_C5,333333.33,5
PS_C6_1235,2024-04-01T00:00:00Z,PS_C6,333333.33,6
PS_C7_1236,2024-04-01T00:00:00Z,PS_C7,333333.33,7
PS_C8_1237,2024-04-01T00:00:00Z,PS_C8,333333.33,8
PS_C9_1238,2024-04-01T00:00:00Z,PS_C9,333333.33,9
PS_C0_1239,2024-05-01T00:00:00Z,PS_C0,333333.33,0
PS_C1_1240,2024-05-01T00:00:00Z,PS_C1,333333.33,1
PS_C2_1241,2024-05-01T00:00:00Z,PS_C2,333333.33,2
PS_C3_1242,2024-05-01T00:00:00Z,PS_C3,333333.33,3
PS_C4_1243,2024-05-01T00:00:00Z,PS_C4,333333.33,4
PS_C5_1244,2024-05-01T00:00:00Z,PS_C5,333333.33,5
PS_C6_1245,2024-05-01T00:00:00Z,PS_C6,333333.33,6
PS_C7_1246,2024-05-01T00:00:00Z,PS_C7,333333.33,7
PS_C8_1247,2024-05-01T00:00:00Z,PS_C8,333333.33,8
PS_C9_1248,2024-05-01T00:00:00Z,PS_C9,333333.33,9
PS_C0_1249,2024-06-01T00:00:00Z,PS_C0,333333.33,0
PS_C1_1250,2024-06-01T00:00:00Z,PS_C1,333333.33,1
PS_C2_1251,2024-06-01T00:00:00Z,PS_C2,333333.33,2
PS_C3_1252,2024-06-01T00:00:00Z,PS_C3,333333.33,3
PS_C4_1253,2024-06-01T00:00:00Z,PS_C4,333333.33,4
PS_C5_1254,2024-06-01T00:00:00Z,PS_C5,333333.33,5
PS_C6_1255,2024-06-01T00:00:00Z,PS_C6,333333.33,6
PS_C7_1256,2024-06-01T00:00:00Z,PS_C7,333333.33,7
PS_C8_1257,2024-06-01T00:00:00Z,PS_C8,333333.33,8
PS_C9_1258,2024-06-01T00:00:00Z,PS_C9,333333.33,9
PS_C0_1259,2024-07-01T00:00:00Z,PS_C0,333333.33,0
PS_C1_1260,2024-07-01T00:00:00Z,PS_C1,333333.33,1
PS_C2_1261,2024-07-01T00:00:00Z,PS_C2,333333.33,2
PS_C3_1262,2024-07-01T00:00:00Z,PS_C3,333333.33,3
PS_C4_1263,2024-07-01T00:00:00Z,PS_C4,333333.33,4
PS_C5_1264,2024-07-01T00:00:00Z,PS_C5,333333.33,5
PS_C6_1265,2024-07-01T00:00:00Z,PS_C6,333333.33,6
PS_C7_1266,2024-07-01T00:00:00Z,PS_C7,333333.33,7
PS_C8_1267,2024-07-01T00:00:00Z,PS_C8,333333.33,8
PS_C9_1268,2024-07-01T00:00:00Z,PS_C9,333333.33,9
PS_C0_1269,2024-08-01T00:00:00Z,PS_C0,333333.33,0
PS_C1_1270,2024-08-01T00:00:00Z,PS_C1,333333.33,1
PS_C2_1271,2024-08-01T00:00:00Z,PS_C2,333333.33,2
PS_C3_1272,2024-08-01T00:00:00Z,PS_C3,333333.33,3
PS_C4_1273,2024-08-01T00:00:00Z,PS_C4,333333.33,4
PS_C5_1274,2024-08-01T00:00:00Z,PS_C5,333333.33,5
PS_C6_1275,2024-08-01T00:00:00Z,PS_C6,333333.33,6
PS_C7_1276,2024-08-01T00:00:00Z,PS_C7,333333.33,7
PS_C8_1277,2024-08-01T00:00:00Z,PS_C8,333333.33,8
PS_C9_1278,2024-08-01T00:00:00Z,PS_C9,333333.33,9
PS_C0_1279,2024-09-01T00:00:00Z,PS_C0,333333.33,0
PS_C1_1280,2024-09-01T00:00:00Z,PS_C1,333333.33,1
PS_C2_1281,2024-09-01T00:00:00Z,PS_C2,333333.33,2
PS_C3_1282,2024-09-01T00:00:00Z,PS_C3,333333.33,3
PS_C4_1283,2024-09-01T00:00:00Z,PS_C4,333333.33,4
PS_C5_1284,2024-09-01T00:00:00Z,PS_C5,333333.33,5
PS_C6_1285,2024-09-01T00:00:00Z,PS_C6,333333.33,6
PS_C7_1286,2024-09-01T00:00:00Z,PS_C7,333333.33,7
PS_C8_1287,2024-09-01T00:00:00Z,PS_C8,333333.33,8
PS_C9_1288,2024-09-01T00:00:00Z,PS_C9,333333.33,9
PS_C0_1289,2024-10-01T00:00:00Z,PS_C0,333333.33,0
PS_C1_1290,2024-10-01T00:00:00Z,PS_C1,333333.33,1
PS_C2_1291,2024-10-01T00:00:00Z,PS_C2,333333.33,2
PS_C3_1292,2024-10-01T00:00:00Z,PS_C3,333333.33,3
PS_C4_1293,2024-10-01T00:00:00Z,PS_C4,333333.33,4
PS_C5_1294,2024-10-01T00:00:00Z,PS_C5,333333.33,5
PS_C6_1295,2024-10-01T00:00:00Z,PS_C6,333333.33,6
PS_C7_1296,2024-10-01T00:00:00Z,PS_C7,333333.33,7
PS_C8_1297,2024-10-01T00:00:00Z,PS_C8,333333.33,8
PS_C9_1298,2024-10-01T00:00:00Z,PS_C9,333333.33,9
PS_C0_1299,2024-11-01T00:00:00Z,PS_C0,333333.33,0
PS_C1_1300,2024-11-01T00:00:00Z,PS_C1,333333.33,1
PS_C2_1301,2024-11-01T00:00:00Z,PS_C2,333333.33,2
PS_C3_1302,2024-11-01T00:00:00Z,PS_C3,333333.33,3
PS_C4_1303,2024-11-01T00:00:00Z,PS_C4,333333.33,4
PS_C5_1304,2024-11-01T00:00:00Z,PS_C5,333333.33,5
PS_C6_1305,2024-11-01T00:00:00Z,PS_C6,333333.33,6
PS_C7_1306,2024-11-01T00:00:00Z,PS_C7,333333.33,7
PS_C8_1307,2024-11-01T00:00:00Z,PS_C8,333333.33,8
PS_C9_1308,2024-11-01T00:00:00Z,PS_C9,333333.33,9
PS_C0_1309,2024-12-01T00:00:00Z,PS_C0,333333.33,0
PS_C1_1310,2024-12-01T00:00:00Z,PS_C1,333333.33,1
PS_C2_1311,2024-12-01T00:00:00Z,PS_C2,333333.33,2
PS_C3_1312,2024-12-01T00:00:00Z,PS_C3,333333.33,3
PS_C4_1313,2024-12-01T00:00:00Z,PS_C4,333333.33,4
PS_C5_1314,2024-12-01T00:00:00Z,PS_C5,333333.33,5
PS_C6_1315,2024-12-01T00:00:00Z,PS_C6,333333.33,6
PS_C7_1316,2024-12-01T00:00:00Z,PS_C7,333333.33,7
PS_C8_1317,2024-12-01T00:00:00Z,PS_C8,333333.33,8
PS_C9_1318,2024-12-01T00:00:00Z,PS_C9,333333.33,9
PS_C0_1319,2025-01-01T00:00:00Z,PS_C0,333333.33,0
PS_C1_1320,2025-01-01T00:00:00Z,PS_C1,333333.33,1
PS_C2_1321,2025-01-01T00:00:00Z,PS_C2,333333.33,2
PS_C3_1322,2025-01-01T00:00:00Z,PS_C3,333333.33,3
PS_C4_1323,2025-01-01T00:00:00Z,PS_C4,333333.33,4
PS_C5_1324,2025-01-01T00:00:00Z,PS_C5,333333.33,5
PS_C6_1325,2025-01-01T00:00:00Z,PS_C6,333333.33,6
PS_C7_1326,2025-01-01T00:00:00Z,PS_C7,333333.33,7
PS_C8_1327,2025-01-01T00:00:00Z,PS_C8,333333.33,8
PS_C9_1328,2025-01-01T00:00:00Z,PS_C9,333333.33,9
PS_C0_1329,2025-02-01T00:00:00Z,PS_C0,333333.33,0
PS_C1_1330,2025-02-01T00:00:00Z,PS_C1,333333.33,1
PS_C2_1331,2025-02-01T00:00:00Z,PS_C2,333333.33,2
PS_C3_1332,2025-02-01T00:00:00Z,PS_C3,333333.33,3
PS_C4_1333,2025-02-01T00:00:00Z,PS_C4,333333.33,4
PS_C5_1334,2025-02-01T00:00:00Z,PS_C5,333333.33,5
PS_C6_1335,2025-02-01T00:00:00Z,PS_C6,333333.33,6
PS_C7_1336,2025-02-01T00:00:00Z,PS_C7,333333.33,7
PS_C8_1337,2025-02-01T00:00:00Z,PS_C8,333333.33,8
PS_C9_1338,2025-02-01T00:00:00Z,PS_C9,333333.33,9
PS_C0_1339,2025-03-01T00:00:00Z,PS_C0,333333.33,0
PS_C1_1340,2025-03-01T00:00:00Z,PS_C1,333333.33,1
PS_C2_1341,2025-03-01T00:00:00Z,PS_C2,333333.33,2
PS_C3_1342,2025-03-01T00:00:00Z,PS_C3,333333.33,3
PS_C4_1343,2025-03-01T00:00:00Z,PS_C4,333333.33,4
PS_C5_1344,2025-03-01T00:00:00Z,PS_C5,333333.33,5
PS_C6_1345,2025-03-01T00:00:00Z,PS_C6,333333.33,6
PS_C7_1346,2025-03-01T00:00:00Z,PS_C7,333333.33,7
PS_C8_1347,2025-03-01T00:00:00Z,PS_C8,333333.33,8
PS_C9_1348,2025-03-01T00:00:00Z,PS_C9,333333.33,9
PS_C0_1349,2025-04-01T00:00:00Z,PS_C0,333333.33,0
PS_C1_1350,2025-04-01T00:00:00Z,PS_C1,333333.33,1
PS_C2_1351,2025-04-01T00:00:00Z,PS_C2,333333.33,2
PS_C3_1352,2025-04-01T00:00:00Z,PS_C3,333333.33,3
PS_C4_1353,2025-04-01T00:00:00Z,PS_C4,333333.33,4
PS_C5_1354,2025-04-01T00:00:00Z,PS_C5,333333.33,5
PS_C6_1355,2025-04-01T00:00:00Z,PS_C6,333333.33,6
PS_C7_1356,2025-04-01T00:00:00Z,PS_C7,333333.33,7
PS_C8_1357,2025-04-01T00:00:00Z,PS_C8,333333.33,8
PS_C9_1358,2025-04-01T00:00:00Z,PS_C9,333333.33,9
PS_C0_1359,2025-05-01T00:00:00Z,PS_C0,333333.33,0
PS_C1_1360,2025-05-01T00:00:00Z,PS_C1,333333.33,1
PS_C2_1361,2025-05-01T00:00:00Z,PS_C2,333333.33,2
PS_C3_1362,2025-05-01T00:00:00Z,PS_C3,333333.33,3
PS_C4_1363,2025-05-01T00:00:00Z,PS_C4,333333.33,4
PS_C5_1364,2025-05-01T00:00:00Z,PS_C5,333333.33,5
PS_C6_1365,2025-05-01T00:00:00Z,PS_C6,333333.33,6
PS_C7_1366,2025-05-01T00:00:00Z,PS_C7,333333.33,7
PS_C8_1367,2025-05-01T00:00:00Z,PS_C8,333333.33,8
PS_C9_1368,2025-05-01T00:00:00Z,PS_C9,333333.33,9
PS_C0_1369,2025-06-01T00:00:00Z,PS_C0,333333.33,0
PS_C1_1370,2025-06-01T00:00:00Z,PS_C1,333333.33,1
PS_C2_1371,2025-06-01T00:00:00Z,PS_C2,333333.33,2
PS_C3_1372,2025-06-01T00:00:00Z,PS_C3,333333.33,3
PS_C4_1373,2025-06-01T00:00:00Z,PS_C4,333333.33,4
PS_C5_1374,2025-06-01T00:00:00Z,PS_C5,333333.33,5
PS_C6_1375,2025-06-01T00:00:00Z,PS_C6,333333.33,6
PS_C7_1376,2025-06-01T00:00:00Z,PS_C7,333333.33,7
PS_C8_1377,2025-06-01T00:00:00Z,PS_C8,333333.33,8
PS_C9_1378,2025-06-01T00:00:00Z,PS_C9,333333.33,9
PS_C0_1379,2025-07-01T00:00:00Z,PS_C0,333333.33,0
PS_C1_1380,2025-07-01T00:00:00Z,PS_C1,333333.33,1
PS_C2_1381,2025-07-01T00:00:00Z,PS_C2,333333.33,2
PS_C3_1382,2025-07-01T00:00:00Z,PS_C3,333333.33,3
PS_C4_1383,2025-07-01T00:00:00Z,PS_C4,333333.33,4
PS_C5_1384,2025-07-01T00:00:00Z,PS_C5,333333.33,5
PS_C6_1385,2025-07-01T00:00:00Z,PS_C6,333333.33,6
PS_C7_1386,2025-07-01T00:00:00Z,PS_C7,333333.33,7
PS_C8_1387,2025-07-01T00:00:00Z,PS_C8,333333.33,8
PS_C9_1388,2025-07-01T00:00:00Z,PS_C9,333333.33,9
PS_C0_1389,2025-08-01T00:00:00Z,PS_C0,333333.33,0
PS_C1_1390,2025-08-01T00:00:00Z,PS_C1,333333.33,1
PS_C2_1391,2025-08-01T00:00:00Z,PS_C2,333333.33,2
PS_C3_1392,2025-08-01T00:00:00Z,PS_C3,333333.33,3
PS_C4_1393,2025-08-01T00:00:00Z,PS_C4,333333.33,4
PS_C5_1394,2025-08-01T00:00:00Z,PS_C5,333333.33,5
PS_C6_1395,2025-08-01T00:00:00Z,PS_C6,333333.33,6
PS_C7_1396,2025-08-01T00:00:00Z,PS_C7,333333.33,7
PS_C8_1397,2025-08-01T00:00:00Z,PS_C8,333333.33,8
PS_C9_1398,2025-08-01T00:00:00Z,PS_C9,333333.33,9
PS_C0_1399,2025-09-01T00:00:00Z,PS_C0,333333.33,0
PS_C1_1400,2025-09-01T00:00:00Z,PS_C1,333333.33,1
PS_C2_1401,2025-09-01T00:00:00Z,PS_C2,333333.33,2
PS_C3_1402,2025-09-01T00:00:00Z,PS_C3,333333.33,3
PS_C4_1403,2025-09-01T00:00:00Z,PS_C4,333333.33,4
PS_C5_1404,2025-09-01T00:00:00Z,PS_C5,333333.33,5
PS_C6_1405,2025-09-01T00:00:00Z,PS_C6,333333.33,6
PS_C7_1406,2025-09-01T00:00:00Z,PS_C7,333333.33,7
PS_C8_1407,2025-09-01T00:00:00Z,PS_C8,333333.33,8
PS_C9_1408,2025-09-01T00:00:00Z,PS_C9,333333.33,9
PS_C0_1409,2025-10-01T00:00:00Z,PS_C0,666666.67,0
PS_C1_1410,2025-10-01T00:00:00Z,PS_C1,666666.67,1
PS_C2_1411,2025-10-01T00:00:00Z,PS_C2,666666.67,2
PS_C3_1412,2025-10-01T00:00:00Z,PS_C3,666666.67,3
PS_C4_1413,2025-10-01T00:00:00Z,PS_C4,666666.67,4
PS_C5_1414,2025-10-01T00:00:00Z,PS_C5,666666.67,5
PS_C6_1415,2025-10-01T00:00:00Z,PS_C6,666666.67,6
PS_C7_1416,2025-10-01T00:00:00Z,PS_C7,666666.67,7
PS_C8_1417,2025-10-01T00:00:00Z,PS_C8,666666.67,8
PS_C9_1418,2025-10-01T00:00:00Z,PS_C9,666666.67,9
