Name,Pred,Key1,Key2,Key3
SA <1>,keys-2,5821139f2d0339a18dcb4e15fefe05d7a7a5517effe9327831b2937582899cb1,599ec558aba664551313a0fbe76dd02724fa245c90952ca038ecdbfe729d483a,fd13291a411c341ef6265d89cc14013f5a6712ea67ce395c33b0aa641ecc57bf
SA <2>,keys-2,5821139f2d0339a18dcb4e15fefe05d7a7a5517effe9327831b2937582899cb1,599ec558aba664551313a0fbe76dd02724fa245c90952ca038ecdbfe729d483a,fd13291a411c341ef6265d89cc14013f5a6712ea67ce395c33b0aa641ecc57bf
SA <3>,keys-2,5821139f2d0339a18dcb4e15fefe05d7a7a5517effe9327831b2937582899cb1,599ec558aba664551313a0fbe76dd02724fa245c90952ca038ecdbfe729d483a,fd13291a411c341ef6265d89cc14013f5a6712ea67ce395c33b0aa641ecc57bf
SA <4>,keys-2,5821139f2d0339a18dcb4e15fefe05d7a7a5517effe9327831b2937582899cb1,599ec558aba664551313a0fbe76dd02724fa245c90952ca038ecdbfe729d483a,fd13291a411c341ef6265d89cc14013f5a6712ea67ce395c33b0aa641ecc57bf
SA <5>,keys-2,5821139f2d0339a18dcb4e15fefe05d7a7a5517effe9327831b2937582899cb1,599ec558aba664551313a0fbe76dd02724fa245c90952ca038ecdbfe729d483a,fd13291a411c341ef6265d89cc14013f5a6712ea67ce395c33b0aa641ecc57bf
SA <6>,keys-2,5821139f2d0339a18dcb4e15fefe05d7a7a5517effe9327831b2937582899cb1,599ec558aba664551313a0fbe76dd02724fa245c90952ca038ecdbfe729d483a,fd13291a411c341ef6265d89cc14013f5a6712ea67ce395c33b0aa641ecc57bf
SA <7>,keys-2,5821139f2d0339a18dcb4e15fefe05d7a7a5517effe9327831b2937582899cb1,599ec558aba664551313a0fbe76dd02724fa245c90952ca038ecdbfe729d483a,fd13291a411c341ef6265d89cc14013f5a6712ea67ce395c33b0aa641ecc57bf
SA <8>,keys-2,5821139f2d0339a18dcb4e15fefe05d7a7a5517effe9327831b2937582899cb1,599ec558aba664551313a0fbe76dd02724fa245c90952ca038ecdbfe729d483a,fd13291a411c341ef6265d89cc14013f5a6712ea67ce395c33b0aa641ecc57bf
SA <9>,keys-2,5821139f2d0339a18dcb4e15fefe05d7a7a5517effe9327831b2937582899cb1,599ec558aba664551313a0fbe76dd02724fa245c90952ca038ecdbfe729d483a,fd13291a411c341ef6265d89cc14013f5a6712ea67ce395c33b0aa641ecc57bf
SA <10>,keys-2,5821139f2d0339a18dcb4e15fefe05d7a7a5517effe9327831b2937582899cb1,599ec558aba664551313a0fbe76dd02724fa245c90952ca038ecdbfe729d483a,fd13291a411c341ef6265d89cc14013f5a6712ea67ce395c33b0aa641ecc57bf
SA <11>,keys-2,5821139f2d0339a18dcb4e15fefe05d7a7a5517effe9327831b2937582899cb1,599ec558aba664551313a0fbe76dd02724fa245c90952ca038ecdbfe729d483a,fd13291a411c341ef6265d89cc14013f5a6712ea67ce395c33b0aa641ecc57bf
SA <12>,keys-2,5821139f2d0339a18dcb4e15fefe05d7a7a5517effe9327831b2937582899cb1,599ec558aba664551313a0fbe76dd02724fa245c90952ca038ecdbfe729d483a,fd13291a411c341ef6265d89cc14013f5a6712ea67ce395c33b0aa641ecc57bf
SA <13>,keys-2,5821139f2d0339a18dcb4e15fefe05d7a7a5517effe9327831b2937582899cb1,599ec558aba664551313a0fbe76dd02724fa245c90952ca038ecdbfe729d483a,fd13291a411c341ef6265d89cc14013f5a6712ea67ce395c33b0aa641ecc57bf
SA <14>,keys-2,5821139f2d0339a18dcb4e15fefe05d7a7a5517effe9327831b2937582899cb1,599ec558aba664551313a0fbe76dd02724fa245c90952ca038ecdbfe729d483a,fd13291a411c341ef6265d89cc14013f5a6712ea67ce395c33b0aa641ecc57bf
SA <15> ,keys-2,5821139f2d0339a18dcb4e15fefe05d7a7a5517effe9327831b2937582899cb1,599ec558aba664551313a0fbe76dd02724fa245c90952ca038ecdbfe729d483a,fd13291a411c341ef6265d89cc14013f5a6712ea67ce395c33b0aa641ecc57bf
SA <16>,keys-2,5821139f2d0339a18dcb4e15fefe05d7a7a5517effe9327831b2937582899cb1,599ec558aba664551313a0fbe76dd02724fa245c90952ca038ecdbfe729d483a,fd13291a411c341ef6265d89cc14013f5a6712ea67ce395c33b0aa641ecc57bf
SA <17>,keys-2,5821139f2d0339a18dcb4e15fefe05d7a7a5517effe9327831b2937582899cb1,599ec558aba664551313a0fbe76dd02724fa245c90952ca038ecdbfe729d483a,fd13291a411c341ef6265d89cc14013f5a6712ea67ce395c33b0aa641ecc57bf
SA <18>,keys-2,5821139f2d0339a18dcb4e15fefe05d7a7a5517effe9327831b2937582899cb1,599ec558aba664551313a0fbe76dd02724fa245c90952ca038ecdbfe729d483a,fd13291a411c341ef6265d89cc14013f5a6712ea67ce395c33b0aa641ecc57bf
SA <19>,keys-2,5821139f2d0339a18dcb4e15fefe05d7a7a5517effe9327831b2937582899cb1,599ec558aba664551313a0fbe76dd02724fa245c90952ca038ecdbfe729d483a,fd13291a411c341ef6265d89cc14013f5a6712ea67ce395c33b0aa641ecc57bf
SA <20>,keys-2,5821139f2d0339a18dcb4e15fefe05d7a7a5517effe9327831b2937582899cb1,599ec558aba664551313a0fbe76dd02724fa245c90952ca038ecdbfe729d483a,fd13291a411c341ef6265d89cc14013f5a6712ea67ce395c33b0aa641ecc57bf
SB <1>,keys-2,e42634f75e0d27a95e5de0f1317e44221077535b200767ed42ca430f7f65e86b,9b338379c279a04bfb4ffce40c3a886d4bda9c7d3c299a483dc29ccc3c8c5539,232c9d2d72f47190242e6fd36c60525ab699fcd3bd22f84f06134260910415af
SB <2>,keys-2,e42634f75e0d27a95e5de0f1317e44221077535b200767ed42ca430f7f65e86b,9b338379c279a04bfb4ffce40c3a886d4bda9c7d3c299a483dc29ccc3c8c5539,232c9d2d72f47190242e6fd36c60525ab699fcd3bd22f84f06134260910415af
SB <3>,keys-2,e42634f75e0d27a95e5de0f1317e44221077535b200767ed42ca430f7f65e86b,9b338379c279a04bfb4ffce40c3a886d4bda9c7d3c299a483dc29ccc3c8c5539,232c9d2d72f47190242e6fd36c60525ab699fcd3bd22f84f06134260910415af
SB <4>,keys-2,e42634f75e0d27a95e5de0f1317e44221077535b200767ed42ca430f7f65e86b,9b338379c279a04bfb4ffce40c3a886d4bda9c7d3c299a483dc29ccc3c8c5539,232c9d2d72f47190242e6fd36c60525ab699fcd3bd22f84f06134260910415af
SB <5>,keys-2,e42634f75e0d27a95e5de0f1317e44221077535b200767ed42ca430f7f65e86b,9b338379c279a04bfb4ffce40c3a886d4bda9c7d3c299a483dc29ccc3c8c5539,232c9d2d72f47190242e6fd36c60525ab699fcd3bd22f84f06134260910415af
SB <6>,keys-2,e42634f75e0d27a95e5de0f1317e44221077535b200767ed42ca430f7f65e86b,9b338379c279a04bfb4ffce40c3a886d4bda9c7d3c299a483dc29ccc3c8c5539,232c9d2d72f47190242e6fd36c60525ab699fcd3bd22f84f06134260910415af
SB <7>,keys-2,e42634f75e0d27a95e5de0f1317e44221077535b200767ed42ca430f7f65e86b,9b338379c279a04bfb4ffce40c3a886d4bda9c7d3c299a483dc29ccc3c8c5539,232c9d2d72f47190242e6fd36c60525ab699fcd3bd22f84f06134260910415af
SB <8>,keys-2,e42634f75e0d27a95e5de0f1317e44221077535b200767ed42ca430f7f65e86b,9b338379c279a04bfb4ffce40c3a886d4bda9c7d3c299a483dc29ccc3c8c5539,232c9d2d72f47190242e6fd36c60525ab699fcd3bd22f84f06134260910415af
SB <9>,keys-2,e42634f75e0d27a95e5de0f1317e44221077535b200767ed42ca430f7f65e86b,9b338379c279a04bfb4ffce40c3a886d4bda9c7d3c299a483dc29ccc3c8c5539,232c9d2d72f47190242e6fd36c60525ab699fcd3bd22f84f06134260910415af
SB <10>,keys-2,e42634f75e0d27a95e5de0f1317e44221077535b200767ed42ca430f7f65e86b,9b338379c279a04bfb4ffce40c3a886d4bda9c7d3c299a483dc29ccc3c8c5539,232c9d2d72f47190242e6fd36c60525ab699fcd3bd22f84f06134260910415af
SB <11>,keys-2,e42634f75e0d27a95e5de0f1317e44221077535b200767ed42ca430f7f65e86b,9b338379c279a04bfb4ffce40c3a886d4bda9c7d3c299a483dc29ccc3c8c5539,232c9d2d72f47190242e6fd36c60525ab699fcd3bd22f84f06134260910415af
SB <12>,keys-2,e42634f75e0d27a95e5de0f1317e44221077535b200767ed42ca430f7f65e86b,9b338379c279a04bfb4ffce40c3a886d4bda9c7d3c299a483dc29ccc3c8c5539,232c9d2d72f47190242e6fd36c60525ab699fcd3bd22f84f06134260910415af
SB <13>,keys-2,e42634f75e0d27a95e5de0f1317e44221077535b200767ed42ca430f7f65e86b,9b338379c279a04bfb4ffce40c3a886d4bda9c7d3c299a483dc29ccc3c8c5539,232c9d2d72f47190242e6fd36c60525ab699fcd3bd22f84f06134260910415af
SB <14>,keys-2,e42634f75e0d27a95e5de0f1317e44221077535b200767ed42ca430f7f65e86b,9b338379c279a04bfb4ffce40c3a886d4bda9c7d3c299a483dc29ccc3c8c5539,232c9d2d72f47190242e6fd36c60525ab699fcd3bd22f84f06134260910415af
SB <15>,keys-2,e42634f75e0d27a95e5de0f1317e44221077535b200767ed42ca430f7f65e86b,9b338379c279a04bfb4ffce40c3a886d4bda9c7d3c299a483dc29ccc3c8c5539,232c9d2d72f47190242e6fd36c60525ab699fcd3bd22f84f06134260910415af
SB <16>,keys-2,e42634f75e0d27a95e5de0f1317e44221077535b200767ed42ca430f7f65e86b,9b338379c279a04bfb4ffce40c3a886d4bda9c7d3c299a483dc29ccc3c8c5539,232c9d2d72f47190242e6fd36c60525ab699fcd3bd22f84f06134260910415af
SB <17>,keys-2,e42634f75e0d27a95e5de0f1317e44221077535b200767ed42ca430f7f65e86b,9b338379c279a04bfb4ffce40c3a886d4bda9c7d3c299a483dc29ccc3c8c5539,232c9d2d72f47190242e6fd36c60525ab699fcd3bd22f84f06134260910415af
SB <18>,keys-2,e42634f75e0d27a95e5de0f1317e44221077535b200767ed42ca430f7f65e86b,9b338379c279a04bfb4ffce40c3a886d4bda9c7d3c299a483dc29ccc3c8c5539,232c9d2d72f47190242e6fd36c60525ab699fcd3bd22f84f06134260910415af
SB <19>,keys-2,e42634f75e0d27a95e5de0f1317e44221077535b200767ed42ca430f7f65e86b,9b338379c279a04bfb4ffce40c3a886d4bda9c7d3c299a483dc29ccc3c8c5539,232c9d2d72f47190242e6fd36c60525ab699fcd3bd22f84f06134260910415af
SB <20>,keys-2,e42634f75e0d27a95e5de0f1317e44221077535b200767ed42ca430f7f65e86b,9b338379c279a04bfb4ffce40c3a886d4bda9c7d3c299a483dc29ccc3c8c5539,232c9d2d72f47190242e6fd36c60525ab699fcd3bd22f84f06134260910415af
SB <21>,keys-2,e42634f75e0d27a95e5de0f1317e44221077535b200767ed42ca430f7f65e86b,9b338379c279a04bfb4ffce40c3a886d4bda9c7d3c299a483dc29ccc3c8c5539,232c9d2d72f47190242e6fd36c60525ab699fcd3bd22f84f06134260910415af
SB <22>,keys-2,e42634f75e0d27a95e5de0f1317e44221077535b200767ed42ca430f7f65e86b,9b338379c279a04bfb4ffce40c3a886d4bda9c7d3c299a483dc29ccc3c8c5539,232c9d2d72f47190242e6fd36c60525ab699fcd3bd22f84f06134260910415af
SB <23>,keys-2,e42634f75e0d27a95e5de0f1317e44221077535b200767ed42ca430f7f65e86b,9b338379c279a04bfb4ffce40c3a886d4bda9c7d3c299a483dc29ccc3c8c5539,232c9d2d72f47190242e6fd36c60525ab699fcd3bd22f84f06134260910415af
SB <24>,keys-2,e42634f75e0d27a95e5de0f1317e44221077535b200767ed42ca430f7f65e86b,9b338379c279a04bfb4ffce40c3a886d4bda9c7d3c299a483dc29ccc3c8c5539,232c9d2d72f47190242e6fd36c60525ab699fcd3bd22f84f06134260910415af
SB <25>,keys-2,e42634f75e0d27a95e5de0f1317e44221077535b200767ed42ca430f7f65e86b,9b338379c279a04bfb4ffce40c3a886d4bda9c7d3c299a483dc29ccc3c8c5539,232c9d2d72f47190242e6fd36c60525ab699fcd3bd22f84f06134260910415af
SB <26>,keys-2,e42634f75e0d27a95e5de0f1317e44221077535b200767ed42ca430f7f65e86b,9b338379c279a04bfb4ffce40c3a886d4bda9c7d3c299a483dc29ccc3c8c5539,232c9d2d72f47190242e6fd36c60525ab699fcd3bd22f84f06134260910415af
SB <27>,keys-2,e42634f75e0d27a95e5de0f1317e44221077535b200767ed42ca430f7f65e86b,9b338379c279a04bfb4ffce40c3a886d4bda9c7d3c299a483dc29ccc3c8c5539,232c9d2d72f47190242e6fd36c60525ab699fcd3bd22f84f06134260910415af
SB <28>,keys-2,e42634f75e0d27a95e5de0f1317e44221077535b200767ed42ca430f7f65e86b,9b338379c279a04bfb4ffce40c3a886d4bda9c7d3c299a483dc29ccc3c8c5539,232c9d2d72f47190242e6fd36c60525ab699fcd3bd22f84f06134260910415af
SB <29>,keys-2,e42634f75e0d27a95e5de0f1317e44221077535b200767ed42ca430f7f65e86b,9b338379c279a04bfb4ffce40c3a886d4bda9c7d3c299a483dc29ccc3c8c5539,232c9d2d72f47190242e6fd36c60525ab699fcd3bd22f84f06134260910415af
SB <30>,keys-2,e42634f75e0d27a95e5de0f1317e44221077535b200767ed42ca430f7f65e86b,9b338379c279a04bfb4ffce40c3a886d4bda9c7d3c299a483dc29ccc3c8c5539,232c9d2d72f47190242e6fd36c60525ab699fcd3bd22f84f06134260910415af
SB <31>,keys-2,e42634f75e0d27a95e5de0f1317e44221077535b200767ed42ca430f7f65e86b,9b338379c279a04bfb4ffce40c3a886d4bda9c7d3c299a483dc29ccc3c8c5539,232c9d2d72f47190242e6fd36c60525ab699fcd3bd22f84f06134260910415af
SB <32>,keys-2,e42634f75e0d27a95e5de0f1317e44221077535b200767ed42ca430f7f65e86b,9b338379c279a04bfb4ffce40c3a886d4bda9c7d3c299a483dc29ccc3c8c5539,232c9d2d72f47190242e6fd36c60525ab699fcd3bd22f84f06134260910415af
SB <33>,keys-2,e42634f75e0d27a95e5de0f1317e44221077535b200767ed42ca430f7f65e86b,9b338379c279a04bfb4ffce40c3a886d4bda9c7d3c299a483dc29ccc3c8c5539,232c9d2d72f47190242e6fd36c60525ab699fcd3bd22f84f06134260910415af
SB <34>,keys-2,e42634f75e0d27a95e5de0f1317e44221077535b200767ed42ca430f7f65e86b,9b338379c279a04bfb4ffce40c3a886d4bda9c7d3c299a483dc29ccc3c8c5539,232c9d2d72f47190242e6fd36c60525ab699fcd3bd22f84f06134260910415af
SB <35>,keys-2,e42634f75e0d27a95e5de0f1317e44221077535b200767ed42ca430f7f65e86b,9b338379c279a04bfb4ffce40c3a886d4bda9c7d3c299a483dc29ccc3c8c5539,232c9d2d72f47190242e6fd36c60525ab699fcd3bd22f84f06134260910415af
SB <36>,keys-2,e42634f75e0d27a95e5de0f1317e44221077535b200767ed42ca430f7f65e86b,9b338379c279a04bfb4ffce40c3a886d4bda9c7d3c299a483dc29ccc3c8c5539,232c9d2d72f47190242e6fd36c60525ab699fcd3bd22f84f06134260910415af
SB <37>,keys-2,e42634f75e0d27a95e5de0f1317e44221077535b200767ed42ca430f7f65e86b,9b338379c279a04bfb4ffce40c3a886d4bda9c7d3c299a483dc29ccc3c8c5539,232c9d2d72f47190242e6fd36c60525ab699fcd3bd22f84f06134260910415af
SB <38>,keys-2,e42634f75e0d27a95e5de0f1317e44221077535b200767ed42ca430f7f65e86b,9b338379c279a04bfb4ffce40c3a886d4bda9c7d3c299a483dc29ccc3c8c5539,232c9d2d72f47190242e6fd36c60525ab699fcd3bd22f84f06134260910415af
SB <39>,keys-2,e42634f75e0d27a95e5de0f1317e44221077535b200767ed42ca430f7f65e86b,9b338379c279a04bfb4ffce40c3a886d4bda9c7d3c299a483dc29ccc3c8c5539,232c9d2d72f47190242e6fd36c60525ab699fcd3bd22f84f06134260910415af
SB <40>,keys-2,e42634f75e0d27a95e5de0f1317e44221077535b200767ed42ca430f7f65e86b,9b338379c279a04bfb4ffce40c3a886d4bda9c7d3c299a483dc29ccc3c8c5539,232c9d2d72f47190242e6fd36c60525ab699fcd3bd22f84f06134260910415af
SB <41>,keys-2,e42634f75e0d27a95e5de0f1317e44221077535b200767ed42ca430f7f65e86b,9b338379c279a04bfb4ffce40c3a886d4bda9c7d3c299a483dc29ccc3c8c5539,232c9d2d72f47190242e6fd36c60525ab699fcd3bd22f84f06134260910415af
SB <42>,keys-2,e42634f75e0d27a95e5de0f1317e44221077535b200767ed42ca430f7f65e86b,9b338379c279a04bfb4ffce40c3a886d4bda9c7d3c299a483dc29ccc3c8c5539,232c9d2d72f47190242e6fd36c60525ab699fcd3bd22f84f06134260910415af
SB <43>,keys-2,e42634f75e0d27a95e5de0f1317e44221077535b200767ed42ca430f7f65e86b,9b338379c279a04bfb4ffce40c3a886d4bda9c7d3c299a483dc29ccc3c8c5539,232c9d2d72f47190242e6fd36c60525ab699fcd3bd22f84f06134260910415af
SB <44>,keys-2,e42634f75e0d27a95e5de0f1317e44221077535b200767ed42ca430f7f65e86b,9b338379c279a04bfb4ffce40c3a886d4bda9c7d3c299a483dc29ccc3c8c5539,232c9d2d72f47190242e6fd36c60525ab699fcd3bd22f84f06134260910415af
SB <45>,keys-2,e42634f75e0d27a95e5de0f1317e44221077535b200767ed42ca430f7f65e86b,9b338379c279a04bfb4ffce40c3a886d4bda9c7d3c299a483dc29ccc3c8c5539,232c9d2d72f47190242e6fd36c60525ab699fcd3bd22f84f06134260910415af
SB <46>,keys-2,e42634f75e0d27a95e5de0f1317e44221077535b200767ed42ca430f7f65e86b,9b338379c279a04bfb4ffce40c3a886d4bda9c7d3c299a483dc29ccc3c8c5539,232c9d2d72f47190242e6fd36c60525ab699fcd3bd22f84f06134260910415af
PS_C0,keys-2,c8ce1624799846b5cb7b1f19f5676f116d54b5e85776bd28f1b9b8fd68d90130,0e1a0bca51437b2f3cb5ad051dd0c5e5bc5353a9c5d7a6cc005aeb081afcc1f8,7d92897ac4c171b1e619782f1fbbbc477d62226836e767615b7ce7efaa25aa95
PS_C1,keys-2,c8ce1624799846b5cb7b1f19f5676f116d54b5e85776bd28f1b9b8fd68d90130,0e1a0bca51437b2f3cb5ad051dd0c5e5bc5353a9c5d7a6cc005aeb081afcc1f8,7d92897ac4c171b1e619782f1fbbbc477d62226836e767615b7ce7efaa25aa95
PS_C2,keys-2,c8ce1624799846b5cb7b1f19f5676f116d54b5e85776bd28f1b9b8fd68d90130,0e1a0bca51437b2f3cb5ad051dd0c5e5bc5353a9c5d7a6cc005aeb081afcc1f8,7d92897ac4c171b1e619782f1fbbbc477d62226836e767615b7ce7efaa25aa95
PS_C3,keys-2,c8ce1624799846b5cb7b1f19f5676f116d54b5e85776bd28f1b9b8fd68d90130,0e1a0bca51437b2f3cb5ad051dd0c5e5bc5353a9c5d7a6cc005aeb081afcc1f8,7d92897ac4c171b1e619782f1fbbbc477d62226836e767615b7ce7efaa25aa95
PS_C4,keys-2,c8ce1624799846b5cb7b1f19f5676f116d54b5e85776bd28f1b9b8fd68d90130,0e1a0bca51437b2f3cb5ad051dd0c5e5bc5353a9c5d7a6cc005aeb081afcc1f8,7d92897ac4c171b1e619782f1fbbbc477d62226836e767615b7ce7efaa25aa95
PS_C5,keys-2,c8ce1624799846b5cb7b1f19f5676f116d54b5e85776bd28f1b9b8fd68d90130,0e1a0bca51437b2f3cb5ad051dd0c5e5bc5353a9c5d7a6cc005aeb081afcc1f8,7d92897ac4c171b1e619782f1fbbbc477d62226836e767615b7ce7efaa25aa95
PS_C6,keys-2,c8ce1624799846b5cb7b1f19f5676f116d54b5e85776bd28f1b9b8fd68d90130,0e1a0bca51437b2f3cb5ad051dd0c5e5bc5353a9c5d7a6cc005aeb081afcc1f8,7d92897ac4c171b1e619782f1fbbbc477d62226836e767615b7ce7efaa25aa95
PS_C7,keys-2,c8ce1624799846b5cb7b1f19f5676f116d54b5e85776bd28f1b9b8fd68d90130,0e1a0bca51437b2f3cb5ad051dd0c5e5bc5353a9c5d7a6cc005aeb081afcc1f8,7d92897ac4c171b1e619782f1fbbbc477d62226836e767615b7ce7efaa25aa95
PS_C8,keys-2,c8ce1624799846b5cb7b1f19f5676f116d54b5e85776bd28f1b9b8fd68d90130,0e1a0bca51437b2f3cb5ad051dd0c5e5bc5353a9c5d7a6cc005aeb081afcc1f8,7d92897ac4c171b1e619782f1fbbbc477d62226836e767615b7ce7efaa25aa95
PS_C9,keys-2,c8ce1624799846b5cb7b1f19f5676f116d54b5e85776bd28f1b9b8fd68d90130,0e1a0bca51437b2f3cb5ad051dd0c5e5bc5353a9c5d7a6cc005aeb081afcc1f8,7d92897ac4c171b1e619782f1fbbbc477d62226836e767615b7ce7efaa25aa95
EB_C9,keys-2,5821139f2d0339a18dcb4e15fefe05d7a7a5517effe9327831b2937582899cb1,599ec558aba664551313a0fbe76dd02724fa245c90952ca038ecdbfe729d483a,fd13291a411c341ef6265d89cc14013f5a6712ea67ce395c33b0aa641ecc57bf
Coinlist Non-US,keys-2,c8ce1624799846b5cb7b1f19f5676f116d54b5e85776bd28f1b9b8fd68d90130,0e1a0bca51437b2f3cb5ad051dd0c5e5bc5353a9c5d7a6cc005aeb081afcc1f8,7d92897ac4c171b1e619782f1fbbbc477d62226836e767615b7ce7efaa25aa95
Coinlist Global,keys-2,5ac02d6ce804712ec5822ab9813fd483265c106da3fff60cd492584bc2896581,11362525164755398299bdf1d3de1e4c75faca9d7c5df04539599928f4c8d9f7,821858752f7d8e986ab6b08cd0481ff4068e308ca1d2ff68af1241ef575ce255
FTS_C1,keys-2,29f7107b39f6c1947f96622f689bec68e01573076d60611d3ef6b8cbc43cfa0b,7c21f7b53c816798152487024d71bfcbd47b5b80ae43594b94dd38454818aefc,1ff969945ab6088cbd3f3a6a6b97187697192763d78f27f55bdddbbc157c00c0
CS1_C2,keys-2,96529dbb839027548912bc6a1cffb69c677ed9766350018cc8c46a3f819fe174,e53708564f1a78f6e5a9309fd8b9dd85646832e374162cd3c67420e202a7e45b,4bb6b71e2ddc61392274d18d142cdc8d4f50e54343098138f9a7d17fb562d6ea
CS2_C0,keys-2,9a2a12ba791909a2b5e92ab3366f60f4689e5331ef285b704efa3fd83bc959f4,7bcf78f09e64e37fe4705d5abb3735496f31f04d347c138f5dd3f4ee2683a952,f54e9f2d81be422a02adb0a172f89752fc3e5f9dae435208776bd5d83a2f6f24
ST_C1,keys-2,41a10706f58f725bbf24715c587fa0a25108a9ca150f91e9ca868100db8fae50,64fdc9e4b9ed0988f3edd43f9c17d758cba4fdd69fcd8985fb4670457c626620,9906c1fb358302a681caa0038b25baf1190678c53801e84c1d5407fc3e7dafc4